Business Name,Rating,Address,Phone,Website,Maps URL,Scraped At
,,,,,"https://www.google.com/maps/search/pharmacy+in+queens/@40.7241897,-73.8101429,13z/data=!4m2!2m1!6e2?hl=en&entry=ttu&g_ep=EgoyMDI1MDkyMS4wIKXMDSoASAFQAw%3D%3D",2025-09-24 11:52:16
,3.7,"100-02 Queens Blvd, Forest Hills, NY 11375, United States",+1 718-520-2334,https://www.cvs.com/store-locator/forest-hills-ny-pharmacies/100-02-queens-boulevard-forest-hills-ny-11375/storeid=2057?WT.mc_id=LS_GOOGLE_RX_2057,"https://www.google.com/maps/place/CVS+Pharmacy/@40.7241897,-73.8101429,13z/data=!4m11!1m3!2m2!1spharmacy+in+queens!6e2!3m6!1s0x89c25e3aab738387:0x6b124965c18ef978!8m2!3d40.7265616!4d-73.8537602!15sChJwaGFybWFjeSBpbiBxdWVlbnNaFCIScGhhcm1hY3kgaW4gcXVlZW5zkgEIcGhhcm1hY3maASNDaFpEU1VoTk1HOW5TMFZKUTBGblNVUmxNVjlYVG1GQkVBRaoBVAoJL20vMDFyZnBzEAEqDCIIcGhhcm1hY3koADIfEAEiG1eqC-8_WIEIksPkWWqH2wKEeYGhj48-2ExUrjIWEAIiEnBoYXJtYWN5IGluIHF1ZWVuc-ABAPoBBAgAEEI!16s%2Fg%2F11c475881f?hl=en&entry=ttu&g_ep=EgoyMDI1MDkyMS4wIKXMDSoASAFQAw%3D%3D",2025-09-24 11:52:39
CVS Pharmacy,3.7,"100-02 Queens Blvd, Forest Hills, NY 11375, United States",+1 718-520-2334,https://www.cvs.com/store-locator/forest-hills-ny-pharmacies/100-02-queens-boulevard-forest-hills-ny-11375/storeid=2057?WT.mc_id=LS_GOOGLE_RX_2057,"https://www.google.com/maps/place/CVS+Pharmacy/@40.7265616,-73.925858,13z/data=!4m11!1m3!2m2!1spharmacy+in+queens!6e2!3m6!1s0x89c25e3aab738387:0x6b124965c18ef978!8m2!3d40.7265616!4d-73.8537602!15sChJwaGFybWFjeSBpbiBxdWVlbnNaFCIScGhhcm1hY3kgaW4gcXVlZW5zkgEIcGhhcm1hY3maASNDaFpEU1VoTk1HOW5TMFZKUTBGblNVUmxNVjlYVG1GQkVBRaoBVAoJL20vMDFyZnBzEAEqDCIIcGhhcm1hY3koADIfEAEiG1eqC-8_WIEIksPkWWqH2wKEeYGhj48-2ExUrjIWEAIiEnBoYXJtYWN5IGluIHF1ZWVuc-ABAPoBBAgAEEI!16s%2Fg%2F11c475881f?hl=en&entry=ttu&g_ep=EgoyMDI1MDkyMS4wIKXMDSoASAFQAw%3D%3D",2025-09-24 11:52:43
Queens Central Pharmacy INC,4.7,"116-08 Queens Blvd, Forest Hills, NY 11375, United States",+1 718-268-8060,http://www.queenscentralrx.com/,"https://www.google.com/maps/place/Queens+Central+Pharmacy+INC/@40.715766,-73.9056705,13z/data=!4m11!1m3!2m2!1spharmacy+in+queens!6e2!3m6!1s0x89c26098f09b9253:0x348f92cdf2fedac8!8m2!3d40.715766!4d-73.8335727!15sChJwaGFybWFjeSBpbiBxdWVlbnNaFCIScGhhcm1hY3kgaW4gcXVlZW5zkgEIcGhhcm1hY3maASRDaGREU1VoTk1HOW5TMFZKUTBGblNVTnRiM0F5VUhKUlJSQUKqAVQKCS9tLzAxcmZwcxABKgwiCHBoYXJtYWN5KAAyHxABIhtXqgvvP1iBCJLD5Flqh9sChHmBoY-PPthMVK4yFhACIhJwaGFybWFjeSBpbiBxdWVlbnPgAQD6AQQIABBA!16s%2Fg%2F1thmlxv6?hl=en&entry=ttu&g_ep=EgoyMDI1MDkyMS4wIKXMDSoASAFQAw%3D%3D",2025-09-24 11:52:46
Queens Central Pharmacy INC,4.7,"116-08 Queens Blvd, Forest Hills, NY 11375, United States",+1 718-268-8060,http://www.queenscentralrx.com/,"https://www.google.com/maps/place/Queens+Central+Pharmacy+INC/@40.715766,-73.9056705,13z/data=!4m11!1m3!2m2!1spharmacy+in+queens!6e2!3m6!1s0x89c26098f09b9253:0x348f92cdf2fedac8!8m2!3d40.715766!4d-73.8335727!15sChJwaGFybWFjeSBpbiBxdWVlbnNaFCIScGhhcm1hY3kgaW4gcXVlZW5zkgEIcGhhcm1hY3maASRDaGREU1VoTk1HOW5TMFZKUTBGblNVTnRiM0F5VUhKUlJSQUKqAVQKCS9tLzAxcmZwcxABKgwiCHBoYXJtYWN5KAAyHxABIhtXqgvvP1iBCJLD5Flqh9sChHmBoY-PPthMVK4yFhACIhJwaGFybWFjeSBpbiBxdWVlbnPgAQD6AQQIABBA!16s%2Fg%2F1thmlxv6?hl=en&entry=ttu&g_ep=EgoyMDI1MDkyMS4wIKXMDSoASAFQAw%3D%3D",2025-09-24 11:52:46
CVS Pharmacy,3.6,"118-10 Queens Blvd, Forest Hills, NY 11375, United States",+1 718-520-4530,https://www.cvs.com/store-locator/forest-hills-ny-pharmacies/118-10-queens-boulevard-corner-of-78th-avenue-forest-hills-ny-11375/storeid=499?WT.mc_id=LS_GOOGLE_RX_499,"https://www.google.com/maps/place/CVS+Pharmacy/@40.715766,-73.9056705,13z/data=!4m11!1m3!2m2!1spharmacy+in+queens!6e2!3m6!1s0x89c2618223eaf67d:0xdfdedf9668b6a312!8m2!3d40.7146041!4d-73.8324877!15sChJwaGFybWFjeSBpbiBxdWVlbnNaFCIScGhhcm1hY3kgaW4gcXVlZW5zkgEIcGhhcm1hY3maASNDaFpEU1VoTk1HOW5TMFZKUTBGblNVTmxOVFZFVTBwUkVBRaoBVAoJL20vMDFyZnBzEAEqDCIIcGhhcm1hY3koADIfEAEiG1eqC-8_WIEIksPkWWqH2wKEeYGhj48-2ExUrjIWEAIiEnBoYXJtYWN5IGluIHF1ZWVuc-ABAPoBBAgAEEU!16s%2Fg%2F11fv3wksyg?hl=en&entry=ttu&g_ep=EgoyMDI1MDkyMS4wIKXMDSoASAFQAw%3D%3D",2025-09-24 11:52:46
CVS Pharmacy,3.4,"219-39 89th Ave, Queens Village, NY 11427, United States",+1 718-479-3774,https://www.cvs.com/store-locator/queens-village-ny-pharmacies/219-39-89th-avenue-queens-village-ny-11427/storeid=144?WT.mc_id=LS_GOOGLE_RX_144,"https://www.google.com/maps/place/CVS+Pharmacy/@40.7294008,-73.8158842,13z/data=!4m11!1m3!2m2!1spharmacy+in+queens!6e2!3m6!1s0x89c26228ec87a703:0x555e634870eeac42!8m2!3d40.7294008!4d-73.7437864!15sChJwaGFybWFjeSBpbiBxdWVlbnNaFCIScGhhcm1hY3kgaW4gcXVlZW5zkgEIcGhhcm1hY3maASNDaFpEU1VoTk1HOW5TMFZKUTBGblNVTlBhamhJUmxWbkVBRaoBVAoJL20vMDFyZnBzEAEqDCIIcGhhcm1hY3koADIfEAEiG1eqC-8_WIEIksPkWWqH2wKEeYGhj48-2ExUrjIWEAIiEnBoYXJtYWN5IGluIHF1ZWVuc-ABAPoBBAg_ED0!16s%2Fg%2F11c467h_wc?hl=en&entry=ttu&g_ep=EgoyMDI1MDkyMS4wIKXMDSoASAFQAw%3D%3D",2025-09-24 11:52:49
Queens Village Pharmacy,4.9,"214-44 Hillside Ave., Queens Village, NY 11427, United States",+1 718-776-1123,http://queensvillagerx.com/,"https://www.google.com/maps/place/Queens+Village+Pharmacy/@40.7294008,-73.8158842,13z/data=!4m11!1m3!2m2!1spharmacy+in+queens!6e2!3m6!1s0x89c26180cd9d8b33:0xbd1d34253b2a1760!8m2!3d40.7265935!4d-73.7499763!15sChJwaGFybWFjeSBpbiBxdWVlbnNaFCIScGhhcm1hY3kgaW4gcXVlZW5zkgEIcGhhcm1hY3maASRDaGREU1VoTk1HOW5TMFZKUTBGblNVTnFiMjlpYkRCUlJSQUKqAVQKCS9tLzAxcmZwcxABKgwiCHBoYXJtYWN5KAAyHxABIhtXqgvvP1iBCJLD5Flqh9sChHmBoY-PPthMVK4yFhACIhJwaGFybWFjeSBpbiBxdWVlbnPgAQD6AQQIABBE!16s%2Fg%2F11g9qv_vgm?hl=en&entry=ttu&g_ep=EgoyMDI1MDkyMS4wIKXMDSoASAFQAw%3D%3D",2025-09-24 11:52:53
Walgreens Pharmacy,3.3,"110-88 Queens Blvd, Forest Hills, NY 11375, United States",+1 718-275-5252,https://www.walgreens.com/locator/walgreens-11088+queens+blvd-forest+hills-ny-11375/id=19694,"https://www.google.com/maps/place/Walgreens+Pharmacy/@40.7184402,-73.9102964,13z/data=!4m11!1m3!2m2!1spharmacy+in+queens!6e2!3m6!1s0x89c261c9d9f5dbd5:0x89187fce485eacc0!8m2!3d40.7184402!4d-73.8381986!15sChJwaGFybWFjeSBpbiBxdWVlbnNaFCIScGhhcm1hY3kgaW4gcXVlZW5zkgEIcGhhcm1hY3maASRDaGREU1VoTk1HOW5TMFZKUTBGblRVTkJjR0ZZY1cxQlJSQUKqAVQKCS9tLzAxcmZwcxABKgwiCHBoYXJtYWN5KAAyHxABIhtXqgvvP1iBCJLD5Flqh9sChHmBoY-PPthMVK4yFhACIhJwaGFybWFjeSBpbiBxdWVlbnPgAQD6AQQIABA3!16s%2Fg%2F11h84b1t5c?hl=en&entry=ttu&g_ep=EgoyMDI1MDkyMS4wIKXMDSoASAFQAw%3D%3D",2025-09-24 11:52:56
Healthy Pharmacy,4.8,"59-17 Junction Blvd, Queens, NY 11373, United States",+1 718-777-2020,http://www.healthypharmacyny.com/,"https://www.google.com/maps/place/Healthy+Pharmacy/@40.7348102,-73.9365412,13z/data=!3m1!5s0x89c25e4afbb3fef9:0x8fc33ad7b0c48ebd!4m11!1m3!2m2!1spharmacy+in+queens!6e2!3m6!1s0x89c25f3825bea8ad:0xf91a72264cef2635!8m2!3d40.7348102!4d-73.8644434!15sChJwaGFybWFjeSBpbiBxdWVlbnNaFCIScGhhcm1hY3kgaW4gcXVlZW5zkgEIcGhhcm1hY3maASRDaGREU1VoTk1HOW5TMFZKUTBGblNVTnRlR1pFT1doM1JSQUKqAVQKCS9tLzAxcmZwcxABKgwiCHBoYXJtYWN5KAAyHxABIhtXqgvvP1iBCJLD5Flqh9sChHmBoY-PPthMVK4yFhACIhJwaGFybWFjeSBpbiBxdWVlbnPgAQD6AQQIRxBD!16s%2Fg%2F11bcdls2_3?hl=en&entry=ttu&g_ep=EgoyMDI1MDkyMS4wIKXMDSoASAFQAw%3D%3D",2025-09-24 11:52:59
Metro Scripts Pharmacy,5.0,"97-08 Metropolitan Ave, Forest Hills, NY 11375, United States",+1 718-635-0217,,"https://www.google.com/maps/place/Queens+Pharmacy+Center+Inc./@40.7183404,-73.8755636,13z/data=!4m11!1m3!2m2!1spharmacy+in+queens!6e2!3m6!1s0x89c260e4e07e811d:0xaa4799dd48ee5968!8m2!3d40.7183404!4d-73.8034658!15sChJwaGFybWFjeSBpbiBxdWVlbnNaFCIScGhhcm1hY3kgaW4gcXVlZW5zkgEIcGhhcm1hY3maASRDaGREU1VoTk1HOW5TMFZKUTBGblNVUkhNMUJpV0MxblJSQUKqAVQKCS9tLzAxcmZwcxABKgwiCHBoYXJtYWN5KAAyHxABIhtXqgvvP1iBCJLD5Flqh9sChHmBoY-PPthMVK4yFhACIhJwaGFybWFjeSBpbiBxdWVlbnPgAQD6AQUI-AEQOA!16s%2Fg%2F11hctkv2d0?hl=en&entry=ttu&g_ep=EgoyMDI1MDkyMS4wIKXMDSoASAFQAw%3D%3D",2025-09-24 11:53:18
Queens Pharmacy Center Inc.,3.1,"82-35 164th St, Jamaica, NY 11432, United States",+1 718-380-1261,http://www.directrxpharmacyinc.com/,"https://www.google.com/maps/place/Direct+Rx+Pharmacy/@40.7183404,-73.8755636,13z/data=!4m11!1m3!2m2!1spharmacy+in+queens!6e2!3m6!1s0x89c25dfe2db59181:0xcae84045ea134905!8m2!3d40.6953446!4d-73.8450976!15sChJwaGFybWFjeSBpbiBxdWVlbnNaFCIScGhhcm1hY3kgaW4gcXVlZW5zkgEIcGhhcm1hY3maASNDaFpEU1VoTk1HOW5TMFZKUTBGblNVTk1NVnBYVkdWQkVBRaoBVAoJL20vMDFyZnBzEAEqDCIIcGhhcm1hY3koADIfEAEiG1eqC-8_WIEIksPkWWqH2wKEeYGhj48-2ExUrjIWEAIiEnBoYXJtYWN5IGluIHF1ZWVuc-ABAPoBBAgPEEo!16s%2Fg%2F1262b63v0?hl=en&entry=ttu&g_ep=EgoyMDI1MDkyMS4wIKXMDSoASAFQAw%3D%3D",2025-09-24 11:53:21
Direct Rx Pharmacy,4.0,"102-05 Jamaica Ave, Richmond Hill, NY 11418, United States",+1 718-441-4693,http://www.directrxpharmacyinc.com/,"https://www.google.com/maps/place/Direct+Rx+Pharmacy/@40.6953446,-73.9171954,13z/data=!4m11!1m3!2m2!1spharmacy+in+queens!6e2!3m6!1s0x89c25dfe2db59181:0xcae84045ea134905!8m2!3d40.6953446!4d-73.8450976!15sChJwaGFybWFjeSBpbiBxdWVlbnNaFCIScGhhcm1hY3kgaW4gcXVlZW5zkgEIcGhhcm1hY3maASNDaFpEU1VoTk1HOW5TMFZKUTBGblNVTk1NVnBYVkdWQkVBRaoBVAoJL20vMDFyZnBzEAEqDCIIcGhhcm1hY3koADIfEAEiG1eqC-8_WIEIksPkWWqH2wKEeYGhj48-2ExUrjIWEAIiEnBoYXJtYWN5IGluIHF1ZWVuc-ABAPoBBAgPEEo!16s%2Fg%2F1262b63v0?hl=en&entry=ttu&g_ep=EgoyMDI1MDkyMS4wIKXMDSoASAFQAw%3D%3D",2025-09-24 11:53:25
Phils Pill Pharmacy,4.9,"83-87 Woodhaven Blvd, Woodhaven, NY 11421, United States",+1 718-480-6484,https://philspillpharmacy.wixsite.com/website,"https://www.google.com/maps/place/Phils+Pill+Pharmacy/@40.6953446,-73.9171954,13z/data=!4m11!1m3!2m2!1spharmacy+in+queens!6e2!3m6!1s0x89c25f0147a2cc1d:0x2c3a35e0b83ca7ed!8m2!3d40.6982792!4d-73.852322!15sChJwaGFybWFjeSBpbiBxdWVlbnNaFCIScGhhcm1hY3kgaW4gcXVlZW5zkgEIcGhhcm1hY3maASRDaGREU1VoTk1HOW5TMFZKUTBGblNVUXliRnAxVERSblJSQUKqAVQKCS9tLzAxcmZwcxABKgwiCHBoYXJtYWN5KAAyHxABIhtXqgvvP1iBCJLD5Flqh9sChHmBoY-PPthMVK4yFhACIhJwaGFybWFjeSBpbiBxdWVlbnPgAQD6AQQIABA4!16s%2Fg%2F11j5wwy14p?hl=en&entry=ttu&g_ep=EgoyMDI1MDkyMS4wIKXMDSoASAFQAw%3D%3D",2025-09-24 11:53:28
Walgreens Pharmacy,3.3,"109-62 Francis Lewis Blvd, Queens Village, NY 11429, United States",+1 718-740-4612,https://www.walgreens.com/locator/walgreens-10962+francis+lewis+blvd-queens+village-ny-11429/id=2055,"https://www.google.com/maps/place/Walgreens+Pharmacy/@40.7064346,-73.8233236,13z/data=!3m1!5s0x89c261617a93a511:0xf64cab3c59338ed7!4m11!1m3!2m2!1spharmacy+in+queens!6e2!3m6!1s0x89c261617ab1c44f:0xfe83d572c0bb46e5!8m2!3d40.7064346!4d-73.7512258!15sChJwaGFybWFjeSBpbiBxdWVlbnNaFCIScGhhcm1hY3kgaW4gcXVlZW5zkgEIcGhhcm1hY3maASRDaGREU1VoTk1HOW5TMFZKUTBGblNVTmZOSEI1Wm5kQlJSQUKqAVQKCS9tLzAxcmZwcxABKgwiCHBoYXJtYWN5KAAyHxABIhtXqgvvP1iBCJLD5Flqh9sChHmBoY-PPthMVK4yFhACIhJwaGFybWFjeSBpbiBxdWVlbnPgAQD6AQQIPBAZ!16s%2Fg%2F11cnbm6y_q?hl=en&entry=ttu&g_ep=EgoyMDI1MDkyMS4wIKXMDSoASAFQAw%3D%3D",2025-09-24 11:53:31
Victoria Pharmacy,3.2,"44-45 Kissena Blvd # A, Flushing, NY 11355, United States",+1 718-886-6200,https://regoparkpharmacy.com/,"https://www.google.com/maps/place/REGO+PARK+PHARMACY/@40.7530348,-73.8935785,13z/data=!4m11!1m3!2m2!1spharmacy+in+queens!6e2!3m6!1s0x89c25f4e21f702f1:0x3d7a6f0a9299da98!8m2!3d40.727108!4d-73.856206!15sChJwaGFybWFjeSBpbiBxdWVlbnNaFCIScGhhcm1hY3kgaW4gcXVlZW5zkgEIcGhhcm1hY3maASNDaFpEU1VoTk1HOW5TMFZKUTBGblNVUjBPVXBQZFZobkVBRaoBVAoJL20vMDFyZnBzEAEqDCIIcGhhcm1hY3koADIfEAEiG1eqC-8_WIEIksPkWWqH2wKEeYGhj48-2ExUrjIWEAIiEnBoYXJtYWN5IGluIHF1ZWVuc-ABAPoBBAgsEEE!16s%2Fg%2F11gj_zyr52?hl=en&entry=ttu&g_ep=EgoyMDI1MDkyMS4wIKXMDSoASAFQAw%3D%3D",2025-09-24 11:53:35
REGO PARK PHARMACY,4.6,"66-01 Saunders St GROUND FLOOR, Rego Park, NY 11374, United States",+1 718-275-6666,https://regoparkpharmacy.com/,"https://www.google.com/maps/place/REGO+PARK+PHARMACY/@40.727108,-73.9283038,13z/data=!4m11!1m3!2m2!1spharmacy+in+queens!6e2!3m6!1s0x89c25f4e21f702f1:0x3d7a6f0a9299da98!8m2!3d40.727108!4d-73.856206!15sChJwaGFybWFjeSBpbiBxdWVlbnNaFCIScGhhcm1hY3kgaW4gcXVlZW5zkgEIcGhhcm1hY3maASNDaFpEU1VoTk1HOW5TMFZKUTBGblNVUjBPVXBQZFZobkVBRaoBVAoJL20vMDFyZnBzEAEqDCIIcGhhcm1hY3koADIfEAEiG1eqC-8_WIEIksPkWWqH2wKEeYGhj48-2ExUrjIWEAIiEnBoYXJtYWN5IGluIHF1ZWVuc-ABAPoBBAgsEEE!16s%2Fg%2F11gj_zyr52?hl=en&entry=ttu&g_ep=EgoyMDI1MDkyMS4wIKXMDSoASAFQAw%3D%3D",2025-09-24 11:53:38
Peace Love Pharmacy,4.7,"63-52 Woodhaven Blvd, Rego Park, NY 11374, United States",+1 718-651-1000,http://www.peacelovepharmacy.com/,"https://www.google.com/maps/place/Peace+Love+Pharmacy/@40.727108,-73.9283038,13z/data=!4m11!1m3!2m2!1spharmacy+in+queens!6e2!3m6!1s0x89c25e4120c0e945:0x259e5aff4f35e29b!8m2!3d40.7230234!4d-73.8684278!15sChJwaGFybWFjeSBpbiBxdWVlbnNaFCIScGhhcm1hY3kgaW4gcXVlZW5zkgEIcGhhcm1hY3maASRDaGREU1VoTk1HOW5TMFZKUTBGblNVUjFkVFZoT0hOUlJSQUKqAVQKCS9tLzAxcmZwcxABKgwiCHBoYXJtYWN5KAAyHxABIhtXqgvvP1iBCJLD5Flqh9sChHmBoY-PPthMVK4yFhACIhJwaGFybWFjeSBpbiBxdWVlbnPgAQD6AQQIGxA5!16s%2Fg%2F1tdygk56?hl=en&entry=ttu&g_ep=EgoyMDI1MDkyMS4wIKXMDSoASAFQAw%3D%3D",2025-09-24 11:53:42
Frost Pharmacy,4.8,"86-52 Queens Blvd, Flushing, NY 11373, United States",+1 718-457-3192,http://reo-chemist-inc.jany.io/,"https://www.google.com/maps/place/Reo+Chemist+Inc/@40.7354303,-73.9485973,13z/data=!4m11!1m3!2m2!1spharmacy+in+queens!6e2!3m6!1s0x89c260bcb1769665:0x9a1982878ad2e810!8m2!3d40.7091937!4d-73.8302682!15sChJwaGFybWFjeSBpbiBxdWVlbnNaFCIScGhhcm1hY3kgaW4gcXVlZW5zkgEIcGhhcm1hY3maASRDaGREU1VoTk1HOW5TMFZKUTBGblNVTnFORnBJYnpOUlJSQUKqAVQKCS9tLzAxcmZwcxABKgwiCHBoYXJtYWN5KAAyHxABIhtXqgvvP1iBCJLD5Flqh9sChHmBoY-PPthMVK4yFhACIhJwaGFybWFjeSBpbiBxdWVlbnPgAQD6AQQIXRAx!16s%2Fg%2F1hhh1w67d?hl=en&entry=ttu&g_ep=EgoyMDI1MDkyMS4wIKXMDSoASAFQAw%3D%3D",2025-09-24 11:53:46
Reo Chemist Inc,4.7,"81-12 Lefferts Blvd, Kew Gardens, NY 11415, United States",+1 718-849-4661,http://reo-chemist-inc.jany.io/,"https://www.google.com/maps/place/Reo+Chemist+Inc/@40.7091937,-73.902366,13z/data=!4m11!1m3!2m2!1spharmacy+in+queens!6e2!3m6!1s0x89c260bcb1769665:0x9a1982878ad2e810!8m2!3d40.7091937!4d-73.8302682!15sChJwaGFybWFjeSBpbiBxdWVlbnNaFCIScGhhcm1hY3kgaW4gcXVlZW5zkgEIcGhhcm1hY3maASRDaGREU1VoTk1HOW5TMFZKUTBGblNVTnFORnBJYnpOUlJSQUKqAVQKCS9tLzAxcmZwcxABKgwiCHBoYXJtYWN5KAAyHxABIhtXqgvvP1iBCJLD5Flqh9sChHmBoY-PPthMVK4yFhACIhJwaGFybWFjeSBpbiBxdWVlbnPgAQD6AQQIXRAx!16s%2Fg%2F1hhh1w67d?hl=en&entry=ttu&g_ep=EgoyMDI1MDkyMS4wIKXMDSoASAFQAw%3D%3D",2025-09-24 11:53:49
Colony Drugs & Surgicals,4.8,"103-19 Queens Blvd, Forest Hills, NY 11375, United States",+1 718-897-4888,https://medaidrx.com/,"https://www.google.com/maps/place/MedAid+Pharmacy/@40.7246456,-73.9215921,13z/data=!4m11!1m3!2m2!1spharmacy+in+queens!6e2!3m6!1s0x89c25fc8ca119845:0xa25dc73a22e05532!8m2!3d40.7279039!4d-73.8572446!15sChJwaGFybWFjeSBpbiBxdWVlbnNaFCIScGhhcm1hY3kgaW4gcXVlZW5zkgEIcGhhcm1hY3maASNDaFpEU1VoTk1HOW5TMFZRVkU5MGMxTlZhVFZpUlZCM0VBRaoBVAoJL20vMDFyZnBzEAEqDCIIcGhhcm1hY3koADIfEAEiG1eqC-8_WIEIksPkWWqH2wKEeYGhj48-2ExUrjIWEAIiEnBoYXJtYWN5IGluIHF1ZWVuc-ABAPoBBQjUAhBH!16s%2Fg%2F11ycz96n20?hl=en&entry=ttu&g_ep=EgoyMDI1MDkyMS4wIKXMDSoASAFQAw%3D%3D",2025-09-24 11:53:53
MedAid Pharmacy,5.0,"98-32 Queens Blvd, Rego Park, NY 11374, United States",+1 718-516-0000,https://medaidrx.com/,"https://www.google.com/maps/place/MedAid+Pharmacy/@40.7246456,-73.9215921,13z/data=!4m11!1m3!2m2!1spharmacy+in+queens!6e2!3m6!1s0x89c25fc8ca119845:0xa25dc73a22e05532!8m2!3d40.7279039!4d-73.8572446!15sChJwaGFybWFjeSBpbiBxdWVlbnNaFCIScGhhcm1hY3kgaW4gcXVlZW5zkgEIcGhhcm1hY3maASNDaFpEU1VoTk1HOW5TMFZRVkU5MGMxTlZhVFZpUlZCM0VBRaoBVAoJL20vMDFyZnBzEAEqDCIIcGhhcm1hY3koADIfEAEiG1eqC-8_WIEIksPkWWqH2wKEeYGhj48-2ExUrjIWEAIiEnBoYXJtYWN5IGluIHF1ZWVuc-ABAPoBBQjUAhBH!16s%2Fg%2F11ycz96n20?hl=en&entry=ttu&g_ep=EgoyMDI1MDkyMS4wIKXMDSoASAFQAw%3D%3D",2025-09-24 11:53:56
Walgreens Pharmacy,3.3,"109-62 Francis Lewis Blvd, Queens Village, NY 11429, United States",+1 718-740-4612,https://www.walgreens.com/locator/walgreens-10962+francis+lewis+blvd-queens+village-ny-11429/id=2055,"https://www.google.com/maps/place/Walgreens+Pharmacy/@40.7064346,-73.8233236,13z/data=!3m1!5s0x89c261617a93a511:0xf64cab3c59338ed7!4m11!1m3!2m2!1spharmacy+in+queens!6e2!3m6!1s0x89c261617ab1c44f:0xfe83d572c0bb46e5!8m2!3d40.7064346!4d-73.7512258!15sChJwaGFybWFjeSBpbiBxdWVlbnNaFCIScGhhcm1hY3kgaW4gcXVlZW5zkgEIcGhhcm1hY3maASRDaGREU1VoTk1HOW5TMFZKUTBGblNVTmZOSEI1Wm5kQlJSQUKqAVQKCS9tLzAxcmZwcxABKgwiCHBoYXJtYWN5KAAyHxABIhtXqgvvP1iBCJLD5Flqh9sChHmBoY-PPthMVK4yFhACIhJwaGFybWFjeSBpbiBxdWVlbnPgAQD6AQQIPBAZ!16s%2Fg%2F11cnbm6y_q?hl=en&entry=ttu&g_ep=EgoyMDI1MDkyMS4wIKXMDSoASAFQAw%3D%3D",2025-09-24 11:53:59
Peace Love Pharmacy,4.7,"63-52 Woodhaven Blvd, Rego Park, NY 11374, United States",+1 718-651-1000,http://www.peacelovepharmacy.com/,"https://www.google.com/maps/place/Peace+Love+Pharmacy/@40.7230234,-73.9405256,13z/data=!4m11!1m3!2m2!1spharmacy+in+queens!6e2!3m6!1s0x89c25e4120c0e945:0x259e5aff4f35e29b!8m2!3d40.7230234!4d-73.8684278!15sChJwaGFybWFjeSBpbiBxdWVlbnNaFCIScGhhcm1hY3kgaW4gcXVlZW5zkgEIcGhhcm1hY3maASRDaGREU1VoTk1HOW5TMFZKUTBGblNVUjFkVFZoT0hOUlJSQUKqAVQKCS9tLzAxcmZwcxABKgwiCHBoYXJtYWN5KAAyHxABIhtXqgvvP1iBCJLD5Flqh9sChHmBoY-PPthMVK4yFhACIhJwaGFybWFjeSBpbiBxdWVlbnPgAQD6AQQIGxA5!16s%2Fg%2F1tdygk56?hl=en&entry=ttu&g_ep=EgoyMDI1MDkyMS4wIKXMDSoASAFQAw%3D%3D",2025-09-24 11:54:03
Franklin Pharmacy,4.4,"94-31 59th Ave, Elmhurst, NY 11373, United States",+1 718-592-7200,https://www.mygnp.com/pharmacies/franklin-pharmacy-elmhurst-ny-11373/,"https://www.google.com/maps/place/Franklin+Pharmacy/@40.7230234,-73.9405256,13z/data=!4m11!1m3!2m2!1spharmacy+in+queens!6e2!3m6!1s0x89c25e4a6e9cc01d:0xe9f60a879e49ef4d!8m2!3d40.7353057!4d-73.865774!15sChJwaGFybWFjeSBpbiBxdWVlbnNaFCIScGhhcm1hY3kgaW4gcXVlZW5zkgEIcGhhcm1hY3maASRDaGREU1VoTk1HOW5TMFZRZGxaeFQwdFZYeTFFUkhCblJSQUKqAVQKCS9tLzAxcmZwcxABKgwiCHBoYXJtYWN5KAAyHxABIhtXqgvvP1iBCJLD5Flqh9sChHmBoY-PPthMVK4yFhACIhJwaGFybWFjeSBpbiBxdWVlbnPgAQD6AQQIOhA_!16s%2Fg%2F1tl_mmyg?hl=en&entry=ttu&g_ep=EgoyMDI1MDkyMS4wIKXMDSoASAFQAw%3D%3D",2025-09-24 11:54:06
HealthMax Pharmacy,4.4,"80-07 Jamaica Ave, Woodhaven, NY 11421, United States",+1 718-296-0400,https://www.mygnp.com/pharmacies/health-max-pharmacy-woodhaven-ny-11421/?utm_source=google&utm_medium=local&utm_campaign=localmaps&utm_content=3324061,"https://www.google.com/maps/place/HealthMax+Pharmacy/@40.7230234,-73.9405256,13z/data=!4m11!1m3!2m2!1spharmacy+in+queens!6e2!3m6!1s0x89c25de6ddd89dd1:0xa87cd34db57e6860!8m2!3d40.6923002!4d-73.8621017!15sChJwaGFybWFjeSBpbiBxdWVlbnNaFCIScGhhcm1hY3kgaW4gcXVlZW5zkgEIcGhhcm1hY3maAURDaTlEUVVsUlFVTnZaRU5vZEhsalJqbHZUMnBLYmsxRVJrUlphMmg0WWxWS1ExSllRa3hhUmpneFpVVnNibFV4UlJBQqoBVAoJL20vMDFyZnBzEAEqDCIIcGhhcm1hY3koADIfEAEiG1eqC-8_WIEIksPkWWqH2wKEeYGhj48-2ExUrjIWEAIiEnBoYXJtYWN5IGluIHF1ZWVuc-ABAPoBBAgAED8!16s%2Fg%2F1tdv_t87?hl=en&entry=ttu&g_ep=EgoyMDI1MDkyMS4wIKXMDSoASAFQAw%3D%3D",2025-09-24 11:54:09
REGO PARK PHARMACY,4.6,"66-01 Saunders St GROUND FLOOR, Rego Park, NY 11374, United States",+1 718-275-6666,https://regoparkpharmacy.com/,"https://www.google.com/maps/place/REGO+PARK+PHARMACY/@40.7230234,-73.9405256,13z/data=!4m11!1m3!2m2!1spharmacy+in+queens!6e2!3m6!1s0x89c25f4e21f702f1:0x3d7a6f0a9299da98!8m2!3d40.727108!4d-73.856206!15sChJwaGFybWFjeSBpbiBxdWVlbnNaFCIScGhhcm1hY3kgaW4gcXVlZW5zkgEIcGhhcm1hY3maASNDaFpEU1VoTk1HOW5TMFZKUTBGblNVUjBPVXBQZFZobkVBRaoBVAoJL20vMDFyZnBzEAEqDCIIcGhhcm1hY3koADIfEAEiG1eqC-8_WIEIksPkWWqH2wKEeYGhj48-2ExUrjIWEAIiEnBoYXJtYWN5IGluIHF1ZWVuc-ABAPoBBAgsEEE!16s%2Fg%2F11gj_zyr52?hl=en&entry=ttu&g_ep=EgoyMDI1MDkyMS4wIKXMDSoASAFQAw%3D%3D",2025-09-24 11:54:13
Colombo's Pharmacy,4.8,"75-51 Metropolitan Ave, Middle Village, NY 11379, United States",+1 718-418-9700,http://colombospharmacy.com/,"https://www.google.com/maps/place/Colombo's+Pharmacy/@40.7230234,-73.9405256,13z/data=!4m11!1m3!2m2!1spharmacy+in+queens!6e2!3m6!1s0x89c25e6f72b04525:0xf3df53c256788f56!8m2!3d40.7133186!4d-73.8757138!15sChJwaGFybWFjeSBpbiBxdWVlbnNaFCIScGhhcm1hY3kgaW4gcXVlZW5zkgEIcGhhcm1hY3maAURDaTlEUVVsUlFVTnZaRU5vZEhsalJqbHZUMjFPVkZneFkzaGpNamx2VVZSbk0xWlZhRmhrVjFKRFVXeEJNRmt6WXhBQqoBVAoJL20vMDFyZnBzEAEqDCIIcGhhcm1hY3koADIfEAEiG1eqC-8_WIEIksPkWWqH2wKEeYGhj48-2ExUrjIWEAIiEnBoYXJtYWN5IGluIHF1ZWVuc-ABAPoBBAggEEc!16s%2Fg%2F1td2vtrn?hl=en&entry=ttu&g_ep=EgoyMDI1MDkyMS4wIKXMDSoASAFQAw%3D%3D",2025-09-24 11:54:16
Walgreens Pharmacy,3.6,"80-11 Eliot Ave, Middle Village, NY 11379, United States",+1 718-505-8192,https://www.walgreens.com/locator/walgreens-8011+eliot+ave-middle+village-ny-11379/id=9869,"https://www.google.com/maps/place/Walgreens+Pharmacy/@40.7230234,-73.9405256,13z/data=!4m11!1m3!2m2!1spharmacy+in+queens!6e2!3m6!1s0x89c25e5b60252e1b:0x779f68b8f002e007!8m2!3d40.7255254!4d-73.8789689!15sChJwaGFybWFjeSBpbiBxdWVlbnNaFCIScGhhcm1hY3kgaW4gcXVlZW5zkgEIcGhhcm1hY3maAURDaTlEUVVsUlFVTnZaRU5vZEhsalJqbHZUMnhyTW1WcE1XOVdhMVY2VFZkUmVsVXpWbEZSYXpseVRURnJlVlpGUlJBQqoBVAoJL20vMDFyZnBzEAEqDCIIcGhhcm1hY3koADIfEAEiG1eqC-8_WIEIksPkWWqH2wKEeYGhj48-2ExUrjIWEAIiEnBoYXJtYWN5IGluIHF1ZWVuc-ABAPoBBAgAEB0!16s%2Fg%2F11cn94tsm4?hl=en&entry=ttu&g_ep=EgoyMDI1MDkyMS4wIKXMDSoASAFQAw%3D%3D",2025-09-24 11:54:19
Phils Pill Pharmacy,4.9,"83-87 Woodhaven Blvd, Woodhaven, NY 11421, United States",+1 718-480-6484,https://philspillpharmacy.wixsite.com/website,"https://www.google.com/maps/place/Phils+Pill+Pharmacy/@40.7230234,-73.9405256,13z/data=!4m11!1m3!2m2!1spharmacy+in+queens!6e2!3m6!1s0x89c25f0147a2cc1d:0x2c3a35e0b83ca7ed!8m2!3d40.6982792!4d-73.852322!15sChJwaGFybWFjeSBpbiBxdWVlbnNaFCIScGhhcm1hY3kgaW4gcXVlZW5zkgEIcGhhcm1hY3maASRDaGREU1VoTk1HOW5TMFZKUTBGblNVUXliRnAxVERSblJSQUKqAVQKCS9tLzAxcmZwcxABKgwiCHBoYXJtYWN5KAAyHxABIhtXqgvvP1iBCJLD5Flqh9sChHmBoY-PPthMVK4yFhACIhJwaGFybWFjeSBpbiBxdWVlbnPgAQD6AQQIABA4!16s%2Fg%2F11j5wwy14p?hl=en&entry=ttu&g_ep=EgoyMDI1MDkyMS4wIKXMDSoASAFQAw%3D%3D",2025-09-24 11:54:22
AV Chemist Queens Personal Injury Pharmacy,4.8,"68-28 Myrtle Ave, Glendale, NY 11385, United States",+1 929-387-8111,https://www.avchemist.com/,"https://www.google.com/maps/place/AV+Chemist+Queens+Personal+Injury+Pharmacy/@40.7016569,-73.9551808,13z/data=!4m11!1m3!2m2!1spharmacy+in+queens!6e2!3m6!1s0x89c25fa569a70d2b:0x7fd311e8248fd8a6!8m2!3d40.7016569!4d-73.883083!15sChJwaGFybWFjeSBpbiBxdWVlbnNaFCIScGhhcm1hY3kgaW4gcXVlZW5zkgEIcGhhcm1hY3maASRDaGREU1VoTk1HOW5TMFZKUTBGblNVUm9YMWsyYlhablJSQUKqAVQKCS9tLzAxcmZwcxABKgwiCHBoYXJtYWN5KAAyHxABIhtXqgvvP1iBCJLD5Flqh9sChHmBoY-PPthMVK4yFhACIhJwaGFybWFjeSBpbiBxdWVlbnPgAQD6AQQIABA3!16s%2Fg%2F11j979zy9d?hl=en&entry=ttu&g_ep=EgoyMDI1MDkyMS4wIKXMDSoASAFQAw%3D%3D",2025-09-24 11:54:26
Laguardia Pharmacy,4.1,"101-22 Astoria Blvd, East Elmhurst, NY 11369, United States",+1 718-478-2576,https://laguardiapharmacy.com/,"https://www.google.com/maps/place/Laguardia+Pharmacy/@40.7614938,-73.9396412,13z/data=!4m11!1m3!2m2!1spharmacy+in+queens!6e2!3m6!1s0x89c25f94e5090219:0x71af9b53f0e41172!8m2!3d40.7614938!4d-73.8675434!15sChJwaGFybWFjeSBpbiBxdWVlbnNaFCIScGhhcm1hY3kgaW4gcXVlZW5zkgEIcGhhcm1hY3maASNDaFpEU1VoTk1HOW5TMFZKUTBGblNVUllhalZNWTJaQkVBRaoBVAoJL20vMDFyZnBzEAEqDCIIcGhhcm1hY3koADIfEAEiG1eqC-8_WIEIksPkWWqH2wKEeYGhj48-2ExUrjIWEAIiEnBoYXJtYWN5IGluIHF1ZWVuc-ABAPoBBAgvEEU!16s%2Fg%2F11b893pnjj?hl=en&entry=ttu&g_ep=EgoyMDI1MDkyMS4wIKXMDSoASAFQAw%3D%3D",2025-09-24 11:54:29
Frost Pharmacy,4.8,"86-52 Queens Blvd, Flushing, NY 11373, United States",+1 718-457-3192,http://medexpharmacyny.com/,"https://www.google.com/maps/place/Medex+Pharmacy/@40.7614938,-73.9396412,13z/data=!4m11!1m3!2m2!1spharmacy+in+queens!6e2!3m6!1s0x89c25dfdb585bb39:0x17143258a0b1b40d!8m2!3d40.6943206!4d-73.8493627!15sChJwaGFybWFjeSBpbiBxdWVlbnNaFCIScGhhcm1hY3kgaW4gcXVlZW5zkgEIcGhhcm1hY3maAURDaTlEUVVsUlFVTnZaRU5vZEhsalJqbHZUMnBTWmxvelRrMU9NRlkxVjBkMFdFeFdhR3haYlhSdFkyeGFhMUZXUlJBQqoBVAoJL20vMDFyZnBzEAEqDCIIcGhhcm1hY3koADIfEAEiG1eqC-8_WIEIksPkWWqH2wKEeYGhj48-2ExUrjIWEAIiEnBoYXJtYWN5IGluIHF1ZWVuc-ABAPoBBAgAEEU!16s%2Fg%2F1tdygk4_?hl=en&entry=ttu&g_ep=EgoyMDI1MDkyMS4wIKXMDSoASAFQAw%3D%3D",2025-09-24 11:54:33
Medex Pharmacy,4.8,"96-02 Jamaica Ave, Woodhaven, NY 11421, United States",+1 718-805-7000,http://medexpharmacyny.com/,"https://www.google.com/maps/place/Medex+Pharmacy/@40.6943206,-73.9214605,13z/data=!4m11!1m3!2m2!1spharmacy+in+queens!6e2!3m6!1s0x89c25dfdb585bb39:0x17143258a0b1b40d!8m2!3d40.6943206!4d-73.8493627!15sChJwaGFybWFjeSBpbiBxdWVlbnNaFCIScGhhcm1hY3kgaW4gcXVlZW5zkgEIcGhhcm1hY3maAURDaTlEUVVsUlFVTnZaRU5vZEhsalJqbHZUMnBTWmxvelRrMU9NRlkxVjBkMFdFeFdhR3haYlhSdFkyeGFhMUZXUlJBQqoBVAoJL20vMDFyZnBzEAEqDCIIcGhhcm1hY3koADIfEAEiG1eqC-8_WIEIksPkWWqH2wKEeYGhj48-2ExUrjIWEAIiEnBoYXJtYWN5IGluIHF1ZWVuc-ABAPoBBAgAEEU!16s%2Fg%2F1tdygk4_?hl=en&entry=ttu&g_ep=EgoyMDI1MDkyMS4wIKXMDSoASAFQAw%3D%3D",2025-09-24 11:54:36
AV Pharmacy,4.8,"94-61 Corona Ave., Elmhurst, NY 11373, United States",+1 718-271-1262,,"https://www.google.com/maps/place/Colony+Drugs+%26+Surgicals/@40.7246456,-73.9215921,13z/data=!4m11!1m3!2m2!1spharmacy+in+queens!6e2!3m6!1s0x89c25e25be98a3a3:0x25303fa36d1b8a55!8m2!3d40.7246456!4d-73.8494943!15sChJwaGFybWFjeSBpbiBxdWVlbnNaFCIScGhhcm1hY3kgaW4gcXVlZW5zkgEIcGhhcm1hY3maASNDaFpEU1VoTk1HOW5TMFZRVDB3Mk5UWlNhRGRpVTA5bkVBRaoBVAoJL20vMDFyZnBzEAEqDCIIcGhhcm1hY3koADIfEAEiG1eqC-8_WIEIksPkWWqH2wKEeYGhj48-2ExUrjIWEAIiEnBoYXJtYWN5IGluIHF1ZWVuc-ABAPoBBAgAEDo!16s%2Fg%2F1ttyxnfs?hl=en&entry=ttu&g_ep=EgoyMDI1MDkyMS4wIKXMDSoASAFQAw%3D%3D",2025-09-24 11:54:54
Colony Drugs & Surgicals,4.8,"103-19 Queens Blvd, Forest Hills, NY 11375, United States",+1 718-897-4888,http://www.facebook.com/primehealthpharmacy,"https://www.google.com/maps/place/Prime+Health+Pharmacy/@40.7246456,-73.9215921,13z/data=!4m11!1m3!2m2!1spharmacy+in+queens!6e2!3m6!1s0x89c260570ba5f88d:0xbc00e2fcfa097dcb!8m2!3d40.732416!4d-73.8048112!15sChJwaGFybWFjeSBpbiBxdWVlbnNaFCIScGhhcm1hY3kgaW4gcXVlZW5zkgEIcGhhcm1hY3maASNDaFpEU1VoTk1HOW5TMFZKUTBGblNVTXRYeTFNZVZSM0VBRaoBVAoJL20vMDFyZnBzEAEqDCIIcGhhcm1hY3koADIfEAEiG1eqC-8_WIEIksPkWWqH2wKEeYGhj48-2ExUrjIWEAIiEnBoYXJtYWN5IGluIHF1ZWVuc-ABAPoBBAgiED4!16s%2Fg%2F11b6_b0y__?hl=en&entry=ttu&g_ep=EgoyMDI1MDkyMS4wIKXMDSoASAFQAw%3D%3D",2025-09-24 11:54:58
Prime Health Pharmacy,4.9,"69-21 164th St #3, Fresh Meadows, NY 11365, United States",+1 718-969-1600,http://www.facebook.com/primehealthpharmacy,"https://www.google.com/maps/place/Prime+Health+Pharmacy/@40.732416,-73.876909,13z/data=!4m11!1m3!2m2!1spharmacy+in+queens!6e2!3m6!1s0x89c260570ba5f88d:0xbc00e2fcfa097dcb!8m2!3d40.732416!4d-73.8048112!15sChJwaGFybWFjeSBpbiBxdWVlbnNaFCIScGhhcm1hY3kgaW4gcXVlZW5zkgEIcGhhcm1hY3maASNDaFpEU1VoTk1HOW5TMFZKUTBGblNVTXRYeTFNZVZSM0VBRaoBVAoJL20vMDFyZnBzEAEqDCIIcGhhcm1hY3koADIfEAEiG1eqC-8_WIEIksPkWWqH2wKEeYGhj48-2ExUrjIWEAIiEnBoYXJtYWN5IGluIHF1ZWVuc-ABAPoBBAgiED4!16s%2Fg%2F11b6_b0y__?hl=en&entry=ttu&g_ep=EgoyMDI1MDkyMS4wIKXMDSoASAFQAw%3D%3D",2025-09-24 11:55:01
Healthy Corner Pharmacy,4.6,"116-65 Queens Blvd, Forest Hills, NY 11375, United States",+1 718-261-6699,http://healthycornerpharmacy.com/team/,"https://www.google.com/maps/place/Healthy+Corner+Pharmacy/@40.7154383,-73.9041476,13z/data=!4m11!1m3!2m2!1spharmacy+in+queens!6e2!3m6!1s0x89c260984484564b:0x941c49bc6627a54b!8m2!3d40.7154383!4d-73.8320498!15sChJwaGFybWFjeSBpbiBxdWVlbnNaFCIScGhhcm1hY3kgaW4gcXVlZW5zkgEIcGhhcm1hY3maAURDaTlEUVVsUlFVTnZaRU5vZEhsalJqbHZUMjB3ZVdKV2FIRmFXRnBVVWxoS1JGZElaRVpPUlZwM1ZsaGFlVmRYWXhBQqoBVAoJL20vMDFyZnBzEAEqDCIIcGhhcm1hY3koADIfEAEiG1eqC-8_WIEIksPkWWqH2wKEeYGhj48-2ExUrjIWEAIiEnBoYXJtYWN5IGluIHF1ZWVuc-ABAPoBBAgVEB8!16s%2Fg%2F1xcbqjxh?hl=en&entry=ttu&g_ep=EgoyMDI1MDkyMS4wIKXMDSoASAFQAw%3D%3D",2025-09-24 11:55:05
Capital Drugs,4.9,"109-19 72ND ROAD COM # 2, Forest Hills, NY 11375, United States",+1 718-575-3500,,"https://www.google.com/maps/place/MB+Pharmacy+%26+Surgical/@40.7154383,-73.9041476,13z/data=!3m1!5s0x89c2609903fb4ab1:0xa3ffa8b006c62a8!4m11!1m3!2m2!1spharmacy+in+queens!6e2!3m6!1s0x89c2609f00000001:0xacdcaaa4859e23d4!8m2!3d40.7167457!4d-73.833542!15sChJwaGFybWFjeSBpbiBxdWVlbnNaFCIScGhhcm1hY3kgaW4gcXVlZW5zkgEIcGhhcm1hY3maASRDaGREU1VoTk1HOW5TMFZKUTBGblNVTnRNVXgyZW5oblJSQUKqAVQKCS9tLzAxcmZwcxABKgwiCHBoYXJtYWN5KAAyHxABIhtXqgvvP1iBCJLD5Flqh9sChHmBoY-PPthMVK4yFhACIhJwaGFybWFjeSBpbiBxdWVlbnPgAQD6AQQIGhBA!16s%2Fg%2F11f5pyh5hs?hl=en&entry=ttu&g_ep=EgoyMDI1MDkyMS4wIKXMDSoASAFQAw%3D%3D",2025-09-24 11:55:23
MB Pharmacy & Surgical,4.8,"114-57 Queens Blvd, Forest Hills, NY 11375, United States",+1 718-268-1900,https://www.bestchoicerxny.com/,"https://www.google.com/maps/place/Best+Choice+Pharmacy/@40.7154383,-73.9041476,13z/data=!4m11!1m3!2m2!1spharmacy+in+queens!6e2!3m6!1s0x4065fb0b5dbc0563:0xa8a1b876a54cacbf!8m2!3d40.7086301!4d-73.8179272!15sChJwaGFybWFjeSBpbiBxdWVlbnNaFCIScGhhcm1hY3kgaW4gcXVlZW5zkgEIcGhhcm1hY3maASNDaFpEU1VoTk1HOW5TMFZKUTBGblRVTkJiRWxxYWtSUkVBRaoBVAoJL20vMDFyZnBzEAEqDCIIcGhhcm1hY3koADIfEAEiG1eqC-8_WIEIksPkWWqH2wKEeYGhj48-2ExUrjIWEAIiEnBoYXJtYWN5IGluIHF1ZWVuc-ABAPoBBAgTEEE!16s%2Fg%2F11b6mm1k1f?hl=en&entry=ttu&g_ep=EgoyMDI1MDkyMS4wIKXMDSoASAFQAw%3D%3D",2025-09-24 11:55:27
Best Choice Pharmacy,4.3,"138-19 Queens Blvd, Briarwood, NY 11435, United States",+1 718-558-0008,https://www.bestchoicerxny.com/,"https://www.google.com/maps/place/Best+Choice+Pharmacy/@40.7154383,-73.9041476,13z/data=!4m11!1m3!2m2!1spharmacy+in+queens!6e2!3m6!1s0x4065fb0b5dbc0563:0xa8a1b876a54cacbf!8m2!3d40.7086301!4d-73.8179272!15sChJwaGFybWFjeSBpbiBxdWVlbnNaFCIScGhhcm1hY3kgaW4gcXVlZW5zkgEIcGhhcm1hY3maASNDaFpEU1VoTk1HOW5TMFZKUTBGblRVTkJiRWxxYWtSUkVBRaoBVAoJL20vMDFyZnBzEAEqDCIIcGhhcm1hY3koADIfEAEiG1eqC-8_WIEIksPkWWqH2wKEeYGhj48-2ExUrjIWEAIiEnBoYXJtYWN5IGluIHF1ZWVuc-ABAPoBBAgTEEE!16s%2Fg%2F11b6mm1k1f?hl=en&entry=ttu&g_ep=EgoyMDI1MDkyMS4wIKXMDSoASAFQAw%3D%3D",2025-09-24 11:55:30
Queens Health Pharmacy,4.0,"76-11 Broadway, Elmhurst, NY 11373, United States",+1 718-507-9277,http://www.cassonpharmacy.com/,"https://www.google.com/maps/place/Casson+Pharmacy/@40.74567,-73.9608308,13z/data=!4m11!1m3!2m2!1spharmacy+in+queens!6e2!3m6!1s0x89c263dc722d173b:0xb787c5aa8a366882!8m2!3d40.7050484!4d-73.7401463!15sChJwaGFybWFjeSBpbiBxdWVlbnNaFCIScGhhcm1hY3kgaW4gcXVlZW5zkgEIcGhhcm1hY3maASRDaGREU1VoTk1HOW5TMFZKUTBGblNVUjJMVFJ4VDE5M1JSQUKqAVQKCS9tLzAxcmZwcxABKgwiCHBoYXJtYWN5KAAyHxABIhtXqgvvP1iBCJLD5Flqh9sChHmBoY-PPthMVK4yFhACIhJwaGFybWFjeSBpbiBxdWVlbnPgAQD6AQQIABAz!16s%2Fg%2F1tlvqg3s?hl=en&entry=ttu&g_ep=EgoyMDI1MDkyMS4wIKXMDSoASAFQAw%3D%3D",2025-09-24 11:55:34
Casson Pharmacy,4.8,"112-10 Springfield Blvd, Jamaica, NY 11429, United States",+1 718-464-7777,http://www.cassonpharmacy.com/,"https://www.google.com/maps/place/Casson+Pharmacy/@40.7050484,-73.8122441,13z/data=!4m11!1m3!2m2!1spharmacy+in+queens!6e2!3m6!1s0x89c263dc722d173b:0xb787c5aa8a366882!8m2!3d40.7050484!4d-73.7401463!15sChJwaGFybWFjeSBpbiBxdWVlbnNaFCIScGhhcm1hY3kgaW4gcXVlZW5zkgEIcGhhcm1hY3maASRDaGREU1VoTk1HOW5TMFZKUTBGblNVUjJMVFJ4VDE5M1JSQUKqAVQKCS9tLzAxcmZwcxABKgwiCHBoYXJtYWN5KAAyHxABIhtXqgvvP1iBCJLD5Flqh9sChHmBoY-PPthMVK4yFhACIhJwaGFybWFjeSBpbiBxdWVlbnPgAQD6AQQIABAz!16s%2Fg%2F1tlvqg3s?hl=en&entry=ttu&g_ep=EgoyMDI1MDkyMS4wIKXMDSoASAFQAw%3D%3D",2025-09-24 11:55:37
The Pharmacy of Queens,5.0,"68-22 Fresh Meadow Ln, Fresh Meadows, NY 11365, United States",+1 212-372-7478,https://thepharmacyqueens.com/,"https://www.google.com/maps/place/The+Pharmacy+of+Queens/@40.7329709,-73.8667541,13z/data=!4m11!1m3!2m2!1spharmacy+in+queens!6e2!3m6!1s0x89c26126e085a0d7:0xcf397948a5987fe8!8m2!3d40.7329709!4d-73.7946563!15sChJwaGFybWFjeSBpbiBxdWVlbnNaFCIScGhhcm1hY3kgaW4gcXVlZW5zkgEIcGhhcm1hY3maASRDaGREU1VoTk1HOW5TMFZKUTBGblNVTXhjMDFEYm5GQlJSQUKqAVQKCS9tLzAxcmZwcxABKgwiCHBoYXJtYWN5KAAyHxABIhtXqgvvP1iBCJLD5Flqh9sChHmBoY-PPthMVK4yFhACIhJwaGFybWFjeSBpbiBxdWVlbnPgAQD6AQQIABAX!16s%2Fg%2F11y2cgj3qh?hl=en&entry=ttu&g_ep=EgoyMDI1MDkyMS4wIKXMDSoASAFQAw%3D%3D",2025-09-24 11:55:41
Walgreens Pharmacy,2.6,"162-19 Hillside Ave., Jamaica, NY 11432, United States",+1 718-739-3451,https://www.walgreens.com/locator/walgreens-16219+hillside+ave-jamaica-ny-11432/id=19035,"https://www.google.com/maps/place/Walgreens+Pharmacy/@40.7329709,-73.8667541,13z/data=!4m11!1m3!2m2!1spharmacy+in+queens!6e2!3m6!1s0x89c261edea1a6adb:0xce530833315d3c43!8m2!3d40.7088641!4d-73.7997493!15sChJwaGFybWFjeSBpbiBxdWVlbnNaFCIScGhhcm1hY3kgaW4gcXVlZW5zkgEIcGhhcm1hY3maASNDaFpEU1VoTk1HOW5TMFZKUTBGblNVUlhkMUJ5ZVVKbkVBRaoBVAoJL20vMDFyZnBzEAEqDCIIcGhhcm1hY3koADIfEAEiG1eqC-8_WIEIksPkWWqH2wKEeYGhj48-2ExUrjIWEAIiEnBoYXJtYWN5IGluIHF1ZWVuc-ABAPoBBQjSAxAl!16s%2Fg%2F11h59z2_mf?hl=en&entry=ttu&g_ep=EgoyMDI1MDkyMS4wIKXMDSoASAFQAw%3D%3D",2025-09-24 11:55:44
Bakers Drugs - Pharmacy,4.8,"205-43 Linden Blvd, St. Albans, NY 11412, United States",+1 718-749-5988,http://bakersdrugs.com/,"https://www.google.com/maps/place/Bakers+Drugs+-+Pharmacy/@40.6962121,-73.818785,13z/data=!3m1!5s0x89c263e21eaceb7b:0xc360fcc3e457da43!4m11!1m3!2m2!1spharmacy+in+queens!6e2!3m6!1s0x89c263e21be40867:0x4d767d7ef29b33a2!8m2!3d40.6962121!4d-73.7466872!15sChJwaGFybWFjeSBpbiBxdWVlbnNaFCIScGhhcm1hY3kgaW4gcXVlZW5zkgEIcGhhcm1hY3maASRDaGREU1VoTk1HOW5TMFZKUTBGblNVUlNOVXN0U1MxUlJSQUKqAVQKCS9tLzAxcmZwcxABKgwiCHBoYXJtYWN5KAAyHxABIhtXqgvvP1iBCJLD5Flqh9sChHmBoY-PPthMVK4yFhACIhJwaGFybWFjeSBpbiBxdWVlbnPgAQD6AQQIIRA1!16s%2Fg%2F11b6_hd3lq?hl=en&entry=ttu&g_ep=EgoyMDI1MDkyMS4wIKXMDSoASAFQAw%3D%3D",2025-09-24 11:55:47
Northern Pharmacy (노던약국),4.7,"164-16 Northern Blvd, Flushing, NY 11358, United States",+1 718-445-2470,http://www.northernpharmacy.us/,"https://www.google.com/maps/place/Northern+Pharmacy+(%EB%85%B8%EB%8D%98%EC%95%BD%EA%B5%AD)/@40.7603015,-73.873732,13z/data=!4m11!1m3!2m2!1spharmacy+in+queens!6e2!3m6!1s0x89c2602e58fed8d5:0xd1f2f528a468883d!8m2!3d40.7603015!4d-73.8016342!15sChJwaGFybWFjeSBpbiBxdWVlbnNaFCIScGhhcm1hY3kgaW4gcXVlZW5zkgEIcGhhcm1hY3maASRDaGREU1VoTk1HOW5TMFZKUTBGblNVUlVjRXBZUTNKblJSQUKqAVQKCS9tLzAxcmZwcxABKgwiCHBoYXJtYWN5KAAyHxABIhtXqgvvP1iBCJLD5Flqh9sChHmBoY-PPthMVK4yFhACIhJwaGFybWFjeSBpbiBxdWVlbnPgAQD6AQQIABBF!16s%2Fg%2F1tgw5yxf?hl=en&entry=ttu&g_ep=EgoyMDI1MDkyMS4wIKXMDSoASAFQAw%3D%3D",2025-09-24 11:55:50
Shop RX Pharmacy,4.9,"89-17 Jamaica Ave, Woodhaven, NY 11421, United States",+1 718-480-6479,https://shoprxpharmacyny.com/,"https://www.google.com/maps/place/Shop+RX+Pharmacy/@40.6928963,-73.9270755,13z/data=!4m11!1m3!2m2!1spharmacy+in+queens!6e2!3m6!1s0x89c25d8b97570541:0x53cc8e763bfc741d!8m2!3d40.6928963!4d-73.8549777!15sChJwaGFybWFjeSBpbiBxdWVlbnNaFCIScGhhcm1hY3kgaW4gcXVlZW5zkgEIcGhhcm1hY3maASRDaGREU1VoTk1HOW5TMFZOWlVkemNtcFliMjlMY1dwUlJSQUKqAVQKCS9tLzAxcmZwcxABKgwiCHBoYXJtYWN5KAAyHxABIhtXqgvvP1iBCJLD5Flqh9sChHmBoY-PPthMVK4yFhACIhJwaGFybWFjeSBpbiBxdWVlbnPgAQD6AQQIABA5!16s%2Fg%2F11vshgbdlh?hl=en&entry=ttu&g_ep=EgoyMDI1MDkyMS4wIKXMDSoASAFQAw%3D%3D",2025-09-24 11:55:54
Queens Drugs & Surgical,4.5,"146-14 Jamaica Ave, Jamaica, NY 11435, United States",+1 718-297-0099,https://www.mygnp.com/pharmacies/queens-drugs-surgical-jamaica-ny-11435/,"https://www.google.com/maps/place/Queens+Drugs+%26+Surgical/@40.7016576,-73.8805373,13z/data=!4m11!1m3!2m2!1spharmacy+in+queens!6e2!3m6!1s0x89c260c56b93e153:0x9746edcba4387d15!8m2!3d40.7016576!4d-73.8084395!15sChJwaGFybWFjeSBpbiBxdWVlbnNaFCIScGhhcm1hY3kgaW4gcXVlZW5zkgEIcGhhcm1hY3maASNDaFpEU1VoTk1HOW5TMFZKUTBGblNVTllPVjltV21aQkVBRaoBVAoJL20vMDFyZnBzEAEqDCIIcGhhcm1hY3koADIfEAEiG1eqC-8_WIEIksPkWWqH2wKEeYGhj48-2ExUrjIWEAIiEnBoYXJtYWN5IGluIHF1ZWVuc-ABAPoBBAgAEEg!16s%2Fg%2F1tmbx0sq?hl=en&entry=ttu&g_ep=EgoyMDI1MDkyMS4wIKXMDSoASAFQAw%3D%3D",2025-09-24 11:55:57
Walgreens Pharmacy,3.6,"93-12 Astoria Blvd, East Elmhurst, NY 11369, United States",+1 718-426-3455,https://www.walgreens.com/locator/walgreens-9312+astoria+blvd-east+elmhurst-ny-11369/id=4058,"https://www.google.com/maps/place/Walgreens+Pharmacy/@40.7628394,-73.947783,13z/data=!4m11!1m3!2m2!1spharmacy+in+queens!6e2!3m6!1s0x89c25f976db38ec1:0xf1bdef93b1e8e04d!8m2!3d40.7628394!4d-73.8756852!15sChJwaGFybWFjeSBpbiBxdWVlbnNaFCIScGhhcm1hY3kgaW4gcXVlZW5zkgEIcGhhcm1hY3maASRDaGREU1VoTk1HOW5TMFZKUTBGblNVTTFORFZwT1RWQlJSQUKqAVQKCS9tLzAxcmZwcxABKgwiCHBoYXJtYWN5KAAyHxABIhtXqgvvP1iBCJLD5Flqh9sChHmBoY-PPthMVK4yFhACIhJwaGFybWFjeSBpbiBxdWVlbnPgAQD6AQQIABAt!16s%2Fg%2F11cn958f8k?hl=en&entry=ttu&g_ep=EgoyMDI1MDkyMS4wIKXMDSoASAFQAw%3D%3D",2025-09-24 11:56:00
County Pharmacy,4.7,"220-08 Hempstead Ave, Queens Village, NY 11429, United States",+1 718-776-2300,http://reo-chemist-inc.jany.io/,"https://www.google.com/maps/place/Reo+Chemist+Inc/@40.712518,-73.8059178,13z/data=!4m11!1m3!2m2!1spharmacy+in+queens!6e2!3m6!1s0x89c260bcb1769665:0x9a1982878ad2e810!8m2!3d40.7091937!4d-73.8302682!15sChJwaGFybWFjeSBpbiBxdWVlbnNaFCIScGhhcm1hY3kgaW4gcXVlZW5zkgEIcGhhcm1hY3maASRDaGREU1VoTk1HOW5TMFZKUTBGblNVTnFORnBJYnpOUlJSQUKqAVQKCS9tLzAxcmZwcxABKgwiCHBoYXJtYWN5KAAyHxABIhtXqgvvP1iBCJLD5Flqh9sChHmBoY-PPthMVK4yFhACIhJwaGFybWFjeSBpbiBxdWVlbnPgAQD6AQQIXRAx!16s%2Fg%2F1hhh1w67d?hl=en&entry=ttu&g_ep=EgoyMDI1MDkyMS4wIKXMDSoASAFQAw%3D%3D",2025-09-24 11:56:04
Reo Chemist Inc,4.7,"81-12 Lefferts Blvd, Kew Gardens, NY 11415, United States",+1 718-849-4661,http://reo-chemist-inc.jany.io/,"https://www.google.com/maps/place/Reo+Chemist+Inc/@40.7091937,-73.902366,13z/data=!4m11!1m3!2m2!1spharmacy+in+queens!6e2!3m6!1s0x89c260bcb1769665:0x9a1982878ad2e810!8m2!3d40.7091937!4d-73.8302682!15sChJwaGFybWFjeSBpbiBxdWVlbnNaFCIScGhhcm1hY3kgaW4gcXVlZW5zkgEIcGhhcm1hY3maASRDaGREU1VoTk1HOW5TMFZKUTBGblNVTnFORnBJYnpOUlJSQUKqAVQKCS9tLzAxcmZwcxABKgwiCHBoYXJtYWN5KAAyHxABIhtXqgvvP1iBCJLD5Flqh9sChHmBoY-PPthMVK4yFhACIhJwaGFybWFjeSBpbiBxdWVlbnPgAQD6AQQIXRAx!16s%2Fg%2F1hhh1w67d?hl=en&entry=ttu&g_ep=EgoyMDI1MDkyMS4wIKXMDSoASAFQAw%3D%3D",2025-09-24 11:56:07
Victoria Pharmacy,3.2,"44-45 Kissena Blvd # A, Flushing, NY 11355, United States",+1 718-886-6200,,"https://www.google.com/maps/place/Queens+Midnight+Pharmacy/@40.75002,-73.9327333,13z/data=!4m11!1m3!2m2!1spharmacy+in+queens!6e2!3m6!1s0x89c25fc6623be21f:0xcfa2aac1e55cdaf2!8m2!3d40.75002!4d-73.8606355!15sChJwaGFybWFjeSBpbiBxdWVlbnNaFCIScGhhcm1hY3kgaW4gcXVlZW5zkgEIcGhhcm1hY3maASRDaGREU1VoTk1HOW5TMFZKUTBGblNVUnVNWE5NWVhoM1JSQUKqAVQKCS9tLzAxcmZwcxABKgwiCHBoYXJtYWN5KAAyHxABIhtXqgvvP1iBCJLD5Flqh9sChHmBoY-PPthMVK4yFhACIhJwaGFybWFjeSBpbiBxdWVlbnPgAQD6AQUIlwMQQg!16s%2Fg%2F1tj2jtnt?hl=en&entry=ttu&g_ep=EgoyMDI1MDkyMS4wIKXMDSoASAFQAw%3D%3D",2025-09-24 11:56:26
Queens Midnight Pharmacy,3.1,"104-26 Roosevelt Ave, Flushing, NY 11368, United States",+1 718-533-0991,,"https://www.google.com/maps/place/Freya+Pharmacy+Inc/@40.75002,-73.9327333,13z/data=!4m11!1m3!2m2!1spharmacy+in+queens!6e2!3m6!1s0x89c25fc77592bb4d:0xf5f3500588875ec3!8m2!3d40.7505036!4d-73.864258!15sChJwaGFybWFjeSBpbiBxdWVlbnNaFCIScGhhcm1hY3kgaW4gcXVlZW5zkgEIcGhhcm1hY3mqAVQKCS9tLzAxcmZwcxABKgwiCHBoYXJtYWN5KAAyHxABIhtXqgvvP1iBCJLD5Flqh9sChHmBoY-PPthMVK4yFhACIhJwaGFybWFjeSBpbiBxdWVlbnPgAQA!16s%2Fg%2F1tc_0fj7?hl=en&entry=ttu&g_ep=EgoyMDI1MDkyMS4wIKXMDSoASAFQAw%3D%3D",2025-09-24 11:56:44
Freya Pharmacy Inc,4.8,"101-19 39th Ave, Corona, NY 11368, United States",+1 347-649-2525,,"https://www.google.com/maps/place/Flushing+Family+Pharmacy,+LLC/@40.7557158,-73.8872335,13z/data=!4m11!1m3!2m2!1spharmacy+in+queens!6e2!3m6!1s0x89c2603e818a9c11:0xb54968713bd50036!8m2!3d40.7557158!4d-73.8151357!15sChJwaGFybWFjeSBpbiBxdWVlbnNaFCIScGhhcm1hY3kgaW4gcXVlZW5zkgEIcGhhcm1hY3maASNDaFpEU1VoTk1HOW5TMFZKUTBGblNVUndYemx0UVU1UkVBRaoBVAoJL20vMDFyZnBzEAEqDCIIcGhhcm1hY3koADIfEAEiG1eqC-8_WIEIksPkWWqH2wKEeYGhj48-2ExUrjIWEAIiEnBoYXJtYWN5IGluIHF1ZWVuc-ABAPoBBAgAEBg!16s%2Fg%2F11b609wl72?hl=en&entry=ttu&g_ep=EgoyMDI1MDkyMS4wIKXMDSoASAFQAw%3D%3D",2025-09-24 11:57:03
"Flushing Family Pharmacy, LLC",4.3,"43-67 147th St, Flushing, NY 11355, United States",+1 718-888-1108,https://www.cvs.com/store-locator/elmhurst-ny-pharmacies/8801-queens-blvd-elmhurst-ny-11373/storeid=16683?WT.mc_id=LS_GOOGLE_RX_16683,"https://www.google.com/maps/place/CVS+Pharmacy/@40.7557158,-73.8872335,13z/data=!4m11!1m3!2m2!1spharmacy+in+queens!6e2!3m6!1s0x89c25e4dd1cfa02b:0xfda3e06391e3898e!8m2!3d40.7357181!4d-73.8744498!15sChJwaGFybWFjeSBpbiBxdWVlbnNaFCIScGhhcm1hY3kgaW4gcXVlZW5zkgEIcGhhcm1hY3maASNDaFpEU1VoTk1HOW5TMFZKUTBGblNVUlBlRTVxVDFaM0VBRaoBVAoJL20vMDFyZnBzEAEqDCIIcGhhcm1hY3koADIfEAEiG1eqC-8_WIEIksPkWWqH2wKEeYGhj48-2ExUrjIWEAIiEnBoYXJtYWN5IGluIHF1ZWVuc-ABAPoBBAg6EEo!16s%2Fg%2F11c2kk5jr6?hl=en&entry=ttu&g_ep=EgoyMDI1MDkyMS4wIKXMDSoASAFQAw%3D%3D",2025-09-24 11:57:03
CVS Pharmacy,3.1,"88-01 Queens Blvd, Elmhurst, NY 11373, United States",+1 718-760-5655,https://www.cvs.com/store-locator/elmhurst-ny-pharmacies/8801-queens-blvd-elmhurst-ny-11373/storeid=16683?WT.mc_id=LS_GOOGLE_RX_16683,"https://www.google.com/maps/place/CVS+Pharmacy/@40.7357181,-73.9465476,13z/data=!4m11!1m3!2m2!1spharmacy+in+queens!6e2!3m6!1s0x89c25e4dd1cfa02b:0xfda3e06391e3898e!8m2!3d40.7357181!4d-73.8744498!15sChJwaGFybWFjeSBpbiBxdWVlbnNaFCIScGhhcm1hY3kgaW4gcXVlZW5zkgEIcGhhcm1hY3maASNDaFpEU1VoTk1HOW5TMFZKUTBGblNVUlBlRTVxVDFaM0VBRaoBVAoJL20vMDFyZnBzEAEqDCIIcGhhcm1hY3koADIfEAEiG1eqC-8_WIEIksPkWWqH2wKEeYGhj48-2ExUrjIWEAIiEnBoYXJtYWN5IGluIHF1ZWVuc-ABAPoBBAg6EEo!16s%2Fg%2F11c2kk5jr6?hl=en&entry=ttu&g_ep=EgoyMDI1MDkyMS4wIKXMDSoASAFQAw%3D%3D",2025-09-24 11:57:07
Walgreens Pharmacy,2.8,"73-21 Kissena Blvd, Flushing, NY 11367, United States",+1 718-263-2918,https://www.walgreens.com/locator/walgreens-7321+kissena+blvd-flushing-ny-11367/id=11126,"https://www.google.com/maps/place/Walgreens+Pharmacy/@40.7269381,-73.883239,13z/data=!4m11!1m3!2m2!1spharmacy+in+queens!6e2!3m6!1s0x89c260f695151a5f:0x53906fe996327d6c!8m2!3d40.7269381!4d-73.8111412!15sChJwaGFybWFjeSBpbiBxdWVlbnNaFCIScGhhcm1hY3kgaW4gcXVlZW5zkgEIcGhhcm1hY3maAURDaTlEUVVsUlFVTnZaRU5vZEhsalJqbHZUMnQwU2xwSFJtbGlWRlkyVjBkYVdsUlVhRVZWYlhScVVWZG9VV0ZZWXhBQqoBVAoJL20vMDFyZnBzEAEqDCIIcGhhcm1hY3koADIfEAEiG1eqC-8_WIEIksPkWWqH2wKEeYGhj48-2ExUrjIWEAIiEnBoYXJtYWN5IGluIHF1ZWVuc-ABAPoBBAgAEDM!16s%2Fg%2F11cn96v0hd?hl=en&entry=ttu&g_ep=EgoyMDI1MDkyMS4wIKXMDSoASAFQAw%3D%3D",2025-09-24 11:57:10
B & B Pharmacy,4.2,"79-08 37th Ave, Jackson Heights, NY 11372, United States",+1 718-533-6623,http://www.bnbpharm.com/,"https://www.google.com/maps/place/B+%26+B+Pharmacy/@40.749354,-73.9588227,13z/data=!3m1!5s0x89c25fa8505e1033:0xcbce81a6d4a68e26!4m11!1m3!2m2!1spharmacy+in+queens!6e2!3m6!1s0x89c25fa8f451fed3:0xd838c1631c0f3aec!8m2!3d40.749354!4d-73.8867249!15sChJwaGFybWFjeSBpbiBxdWVlbnNaFCIScGhhcm1hY3kgaW4gcXVlZW5zkgEIcGhhcm1hY3maASRDaGREU1VoTk1HOW5TMFZKUTBGblNVUnBkWE5pTTNKM1JSQUKqAVQKCS9tLzAxcmZwcxABKgwiCHBoYXJtYWN5KAAyHxABIhtXqgvvP1iBCJLD5Flqh9sChHmBoY-PPthMVK4yFhACIhJwaGFybWFjeSBpbiBxdWVlbnPgAQD6AQUIhAMQNA!16s%2Fg%2F1w2y_cfk?hl=en&entry=ttu&g_ep=EgoyMDI1MDkyMS4wIKXMDSoASAFQAw%3D%3D",2025-09-24 11:57:13
Walgreens Pharmacy,3.6,"69-62 188th St, Fresh Meadows, NY 11365, United States",+1 718-969-2890,https://www.walgreens.com/locator/walgreens-6962+188th+st-fresh+meadows-ny-11365/id=19453,"https://www.google.com/maps/place/Walgreens+Pharmacy/@40.7334878,-73.8560572,13z/data=!4m11!1m3!2m2!1spharmacy+in+queens!6e2!3m6!1s0x89c261af702fffff:0x7bcc4e496006a640!8m2!3d40.7334878!4d-73.7839594!15sChJwaGFybWFjeSBpbiBxdWVlbnNaFCIScGhhcm1hY3kgaW4gcXVlZW5zkgEIcGhhcm1hY3maASNDaFpEU1VoTk1HOW5TMFZKUTBGblNVUjJhRFJFZWtSQkVBRaoBVAoJL20vMDFyZnBzEAEqDCIIcGhhcm1hY3koADIfEAEiG1eqC-8_WIEIksPkWWqH2wKEeYGhj48-2ExUrjIWEAIiEnBoYXJtYWN5IGluIHF1ZWVuc-ABAPoBBAgAEDM!16s%2Fg%2F11mx3y7pxj?hl=en&entry=ttu&g_ep=EgoyMDI1MDkyMS4wIKXMDSoASAFQAw%3D%3D",2025-09-24 11:57:17
Amaya Health - Pharmacy,4.2,"140-75 Ash Ave Suite 2C, Flushing, NY 11355, United States",+1 888-250-8989,http://myfamilypharmacyny.com/,"https://www.google.com/maps/place/My+Family+Pharmacy/@40.7563492,-73.8942232,13z/data=!4m11!1m3!2m2!1spharmacy+in+queens!6e2!3m6!1s0x89c2600f8497f405:0x8bc91bc219703840!8m2!3d40.7558463!4d-73.8847717!15sChJwaGFybWFjeSBpbiBxdWVlbnNaFCIScGhhcm1hY3kgaW4gcXVlZW5zkgEIcGhhcm1hY3maASRDaGREU1VoTk1HOW5TMFZKUTBGblNVTkNYMlJmUm01QlJSQUKqAVQKCS9tLzAxcmZwcxABKgwiCHBoYXJtYWN5KAAyHxABIhtXqgvvP1iBCJLD5Flqh9sChHmBoY-PPthMVK4yFhACIhJwaGFybWFjeSBpbiBxdWVlbnPgAQD6AQQIABBD!16s%2Fg%2F11c5647kn_?hl=en&entry=ttu&g_ep=EgoyMDI1MDkyMS4wIKXMDSoASAFQAw%3D%3D",2025-09-24 11:57:20
My Family Pharmacy,4.9,"82-15 Northern Blvd, Jackson Heights, NY 11372, United States",+1 718-440-9201,http://myfamilypharmacyny.com/,"https://www.google.com/maps/place/My+Family+Pharmacy/@40.7558463,-73.9568695,13z/data=!4m11!1m3!2m2!1spharmacy+in+queens!6e2!3m6!1s0x89c2600f8497f405:0x8bc91bc219703840!8m2!3d40.7558463!4d-73.8847717!15sChJwaGFybWFjeSBpbiBxdWVlbnNaFCIScGhhcm1hY3kgaW4gcXVlZW5zkgEIcGhhcm1hY3maASRDaGREU1VoTk1HOW5TMFZKUTBGblNVTkNYMlJmUm01QlJSQUKqAVQKCS9tLzAxcmZwcxABKgwiCHBoYXJtYWN5KAAyHxABIhtXqgvvP1iBCJLD5Flqh9sChHmBoY-PPthMVK4yFhACIhJwaGFybWFjeSBpbiBxdWVlbnPgAQD6AQQIABBD!16s%2Fg%2F11c5647kn_?hl=en&entry=ttu&g_ep=EgoyMDI1MDkyMS4wIKXMDSoASAFQAw%3D%3D",2025-09-24 11:57:24
New York Blvd Pharmacy,4.2,"107-45 Guy R Brewer Blvd, Jamaica, NY 11433, United States",+1 718-297-6500,http://www.baysidepharmacy.com/,"https://www.google.com/maps/place/Bayside+Pharmacy+-+%EB%B2%A0%EC%9D%B4%EC%82%AC%EC%9D%B4%EB%93%9C+%EC%95%BD%EA%B5%AD/@40.6971015,-73.8633829,13z/data=!4m11!1m3!2m2!1spharmacy+in+queens!6e2!3m6!1s0x89c261f118930417:0x15fd9edf8eb8a4a4!8m2!3d40.749268!4d-73.755223!15sChJwaGFybWFjeSBpbiBxdWVlbnNaFCIScGhhcm1hY3kgaW4gcXVlZW5zkgEIcGhhcm1hY3maASRDaGREU1VoTk1HOW5TMFZKUTBGblNVTkhMVFZsVUhsQlJSQUKqAVQKCS9tLzAxcmZwcxABKgwiCHBoYXJtYWN5KAAyHxABIhtXqgvvP1iBCJLD5Flqh9sChHmBoY-PPthMVK4yFhACIhJwaGFybWFjeSBpbiBxdWVlbnPgAQD6AQUI5QEQRg!16s%2Fg%2F11cn92g2b8?hl=en&entry=ttu&g_ep=EgoyMDI1MDkyMS4wIKXMDSoASAFQAw%3D%3D",2025-09-24 11:57:27
Bayside Pharmacy - 베이사이드 약국,4.7,"221-36 Horace Harding Expy, Oakland Gardens, NY 11364, United States",+1 718-224-1234,http://www.baysidepharmacy.com/,"https://www.google.com/maps/place/Bayside+Pharmacy+-+%EB%B2%A0%EC%9D%B4%EC%82%AC%EC%9D%B4%EB%93%9C+%EC%95%BD%EA%B5%AD/@40.749268,-73.8273208,13z/data=!4m11!1m3!2m2!1spharmacy+in+queens!6e2!3m6!1s0x89c261f118930417:0x15fd9edf8eb8a4a4!8m2!3d40.749268!4d-73.755223!15sChJwaGFybWFjeSBpbiBxdWVlbnNaFCIScGhhcm1hY3kgaW4gcXVlZW5zkgEIcGhhcm1hY3maASRDaGREU1VoTk1HOW5TMFZKUTBGblNVTkhMVFZsVUhsQlJSQUKqAVQKCS9tLzAxcmZwcxABKgwiCHBoYXJtYWN5KAAyHxABIhtXqgvvP1iBCJLD5Flqh9sChHmBoY-PPthMVK4yFhACIhJwaGFybWFjeSBpbiBxdWVlbnPgAQD6AQUI5QEQRg!16s%2Fg%2F11cn92g2b8?hl=en&entry=ttu&g_ep=EgoyMDI1MDkyMS4wIKXMDSoASAFQAw%3D%3D",2025-09-24 11:57:31
Briarwood Drugs,5.0,"138-44 Queens Blvd #1b, Briarwood, NY 11435, United States",+1 929-244-7805,https://www.instagram.com/briarwooddrugs/,"https://www.google.com/maps/place/Briarwood+Drugs/@40.7076696,-73.8901585,13z/data=!4m11!1m3!2m2!1spharmacy+in+queens!6e2!3m6!1s0x89c261b7e73dfee3:0x4de3b092fb794de8!8m2!3d40.7076696!4d-73.8180607!15sChJwaGFybWFjeSBpbiBxdWVlbnNaFCIScGhhcm1hY3kgaW4gcXVlZW5zkgEIcGhhcm1hY3maASRDaGREU1VoTk1HOW5TMFZKUTBGblNVTm9OblV0VTNCQlJSQUKqAVQKCS9tLzAxcmZwcxABKgwiCHBoYXJtYWN5KAAyHxABIhtXqgvvP1iBCJLD5Flqh9sChHmBoY-PPthMVK4yFhACIhJwaGFybWFjeSBpbiBxdWVlbnPgAQD6AQQIABA8!16s%2Fg%2F11pdz_mmrs?hl=en&entry=ttu&g_ep=EgoyMDI1MDkyMS4wIKXMDSoASAFQAw%3D%3D",2025-09-24 11:57:34
Skycare Pharmacy Inc.,4.8,"85-29 Grand Ave, Elmhurst, NY 11373, United States",+1 718-685-2678,https://www.bownerx.com/,"https://www.google.com/maps/place/Bowne+Chemists/@40.7355485,-73.9534771,13z/data=!4m11!1m3!2m2!1spharmacy+in+queens!6e2!3m6!1s0x89c28a82534a2265:0xfa39372235f8acae!8m2!3d40.7713777!4d-73.8032216!15sChJwaGFybWFjeSBpbiBxdWVlbnNaFCIScGhhcm1hY3kgaW4gcXVlZW5zkgEObWVkaWNhbF9jbGluaWOaASRDaGREU1VoTk1HOW5TMFZKUTBGblNVTk9ia3B1YVdoM1JSQUKqAVQKCS9tLzAxcmZwcxABKgwiCHBoYXJtYWN5KAAyHxABIhtXqgvvP1iBCJLD5Flqh9sChHmBoY-PPthMVK4yFhACIhJwaGFybWFjeSBpbiBxdWVlbnPgAQD6AQQIGRAd!16s%2Fg%2F11r8x_hjjk?hl=en&entry=ttu&g_ep=EgoyMDI1MDkyMS4wIKXMDSoASAFQAw%3D%3D",2025-09-24 11:57:38
Bowne Chemists,5.0,"161-03 29th Ave, Flushing, NY 11358, United States",+1 718-767-2400,https://www.bownerx.com/,"https://www.google.com/maps/place/Bowne+Chemists/@40.7713777,-73.8753194,13z/data=!4m11!1m3!2m2!1spharmacy+in+queens!6e2!3m6!1s0x89c28a82534a2265:0xfa39372235f8acae!8m2!3d40.7713777!4d-73.8032216!15sChJwaGFybWFjeSBpbiBxdWVlbnNaFCIScGhhcm1hY3kgaW4gcXVlZW5zkgEObWVkaWNhbF9jbGluaWOaASRDaGREU1VoTk1HOW5TMFZKUTBGblNVTk9ia3B1YVdoM1JSQUKqAVQKCS9tLzAxcmZwcxABKgwiCHBoYXJtYWN5KAAyHxABIhtXqgvvP1iBCJLD5Flqh9sChHmBoY-PPthMVK4yFhACIhJwaGFybWFjeSBpbiBxdWVlbnPgAQD6AQQIGRAd!16s%2Fg%2F11r8x_hjjk?hl=en&entry=ttu&g_ep=EgoyMDI1MDkyMS4wIKXMDSoASAFQAw%3D%3D",2025-09-24 11:57:41
Avonora Pharmacy,4.7,"149-01 Union Tpke, Flushing, NY 11367, United States",+1 718-969-3300,,"https://www.google.com/maps/place/Sunrise+Pharmacy/@40.6973575,-73.9088041,13z/data=!4m11!1m3!2m2!1spharmacy+in+queens!6e2!3m6!1s0x89c261a91225644b:0xb6cba9f011be4d9!8m2!3d40.6973575!4d-73.8367063!15sChJwaGFybWFjeSBpbiBxdWVlbnOSAQhwaGFybWFjeaoBVAoJL20vMDFyZnBzEAEqDCIIcGhhcm1hY3koADIfEAEiG1eqC-8_WIEIksPkWWqH2wKEeYGhj48-2ExUrjIWEAIiEnBoYXJtYWN5IGluIHF1ZWVuc-ABAA!16s%2Fg%2F11l2d9000h?hl=en&entry=ttu&g_ep=EgoyMDI1MDkyMS4wIKXMDSoASAFQAw%3D%3D",2025-09-24 11:57:59
Sunrise Pharmacy,4.3,"111-21 Jamaica Ave, Richmond Hill, NY 11418, United States",+1 718-441-1426,,"https://www.google.com/maps/place/New+York+Flushing+Pharmacy/@40.7635189,-73.8799779,13z/data=!4m11!1m3!2m2!1spharmacy+in+queens!6e2!3m6!1s0x89c26025ea390a03:0x45f4c2a936d8b141!8m2!3d40.7635189!4d-73.8078801!15sChJwaGFybWFjeSBpbiBxdWVlbnOSAQhwaGFybWFjeaoBVAoJL20vMDFyZnBzEAEqDCIIcGhhcm1hY3koADIfEAEiG1eqC-8_WIEIksPkWWqH2wKEeYGhj48-2ExUrjIWEAIiEnBoYXJtYWN5IGluIHF1ZWVuc-ABAA!16s%2Fg%2F11bxfxrm7q?hl=en&entry=ttu&g_ep=EgoyMDI1MDkyMS4wIKXMDSoASAFQAw%3D%3D",2025-09-24 11:58:18
New York Flushing Pharmacy,4.8,"157-10 Northern Blvd, Flushing, NY 11354, United States",+1 718-461-7200,,"https://www.google.com/maps/place/Queens+Community+Express+Pharmacy/@40.7635189,-73.8799779,13z/data=!4m11!1m3!2m2!1spharmacy+in+queens!6e2!3m6!1s0x89c2611fdb058609:0x649e5533f2cc8587!8m2!3d40.7100293!4d-73.7942723!15sChJwaGFybWFjeSBpbiBxdWVlbnNaFCIScGhhcm1hY3kgaW4gcXVlZW5zkgEIcGhhcm1hY3mqAVQKCS9tLzAxcmZwcxABKgwiCHBoYXJtYWN5KAAyHxABIhtXqgvvP1iBCJLD5Flqh9sChHmBoY-PPthMVK4yFhACIhJwaGFybWFjeSBpbiBxdWVlbnPgAQA!16s%2Fg%2F1tvtc81p?hl=en&entry=ttu&g_ep=EgoyMDI1MDkyMS4wIKXMDSoASAFQAw%3D%3D",2025-09-24 11:58:36
Queens Community Express Pharmacy,3.3,"168-12 Hillside Ave., Jamaica, NY 11432, United States",+1 718-206-9096,,"https://www.google.com/maps/place/VNS+Pharmacy/@40.7282867,-73.9358407,13z/data=!4m11!1m3!2m2!1spharmacy+in+queens!6e2!3m6!1s0x89c25e3789f079a9:0xb56326324dc51375!8m2!3d40.7282867!4d-73.8637429!15sChJwaGFybWFjeSBpbiBxdWVlbnNaFCIScGhhcm1hY3kgaW4gcXVlZW5zkgEIcGhhcm1hY3maASNDaFpEU1VoTk1HOW5TMFZKUTBGblNVUlNjelZsWlZCM0VBRaoBVAoJL20vMDFyZnBzEAEqDCIIcGhhcm1hY3koADIfEAEiG1eqC-8_WIEIksPkWWqH2wKEeYGhj48-2ExUrjIWEAIiEnBoYXJtYWN5IGluIHF1ZWVuc-ABAPoBBAgAEBc!16s%2Fg%2F11b66k5vgk?hl=en&entry=ttu&g_ep=EgoyMDI1MDkyMS4wIKXMDSoASAFQAw%3D%3D",2025-09-24 11:58:55
VNS Pharmacy,4.2,"93-05 63rd Dr, Rego Park, NY 11374, United States",+1 718-997-6900,https://www.walgreens.com/,"https://www.google.com/maps/place/Walgreens+Pharmacy/@40.7282867,-73.9358407,13z/data=!4m11!1m3!2m2!1spharmacy+in+queens!6e2!3m6!1s0x89c25e37a6eb5939:0x90929e7c3b572419!8m2!3d40.7297207!4d-73.8627608!15sChJwaGFybWFjeSBpbiBxdWVlbnNaFCIScGhhcm1hY3kgaW4gcXVlZW5zkgEIcGhhcm1hY3mqAVQKCS9tLzAxcmZwcxABKgwiCHBoYXJtYWN5KAAyHxABIhtXqgvvP1iBCJLD5Flqh9sChHmBoY-PPthMVK4yFhACIhJwaGFybWFjeSBpbiBxdWVlbnPgAQA!16s%2Fg%2F11r3sn226l?hl=en&entry=ttu&g_ep=EgoyMDI1MDkyMS4wIKXMDSoASAFQAw%3D%3D",2025-09-24 11:58:59
Walgreens Pharmacy,2.0,"95-11 63rd Dr, Rego Park, NY 11374, United States",+1 718-897-0803,https://www.walgreens.com/,"https://www.google.com/maps/place/Walgreens+Pharmacy/@40.7282867,-73.9358407,13z/data=!4m11!1m3!2m2!1spharmacy+in+queens!6e2!3m6!1s0x89c25e37a6eb5939:0x90929e7c3b572419!8m2!3d40.7297207!4d-73.8627608!15sChJwaGFybWFjeSBpbiBxdWVlbnNaFCIScGhhcm1hY3kgaW4gcXVlZW5zkgEIcGhhcm1hY3mqAVQKCS9tLzAxcmZwcxABKgwiCHBoYXJtYWN5KAAyHxABIhtXqgvvP1iBCJLD5Flqh9sChHmBoY-PPthMVK4yFhACIhJwaGFybWFjeSBpbiBxdWVlbnPgAQA!16s%2Fg%2F11r3sn226l?hl=en&entry=ttu&g_ep=EgoyMDI1MDkyMS4wIKXMDSoASAFQAw%3D%3D",2025-09-24 11:59:02
SHOP N SAVE PHARMACY INC,5.0,"72-06 Main St, Kew Gardens Hills, NY 11367, United States",+1 718-674-6220,http://www.novapharmacy.store/,"https://www.google.com/maps/place/NOVA+Q-Health+:+NOVA+Pharmacy+Queens/@40.7263852,-73.8940192,13z/data=!4m11!1m3!2m2!1spharmacy+in+queens!6e2!3m6!1s0x89c25f2817c60edd:0xee7dfbbf96f726a9!8m2!3d40.7578503!4d-73.8645167!15sChJwaGFybWFjeSBpbiBxdWVlbnNaFCIScGhhcm1hY3kgaW4gcXVlZW5zkgEIcGhhcm1hY3maASRDaGREU1VoTk1HOW5TMFZKUTBGblNVUjRhRGxpUVdkM1JSQUKqAVQKCS9tLzAxcmZwcxABKgwiCHBoYXJtYWN5KAAyHxABIhtXqgvvP1iBCJLD5Flqh9sChHmBoY-PPthMVK4yFhACIhJwaGFybWFjeSBpbiBxdWVlbnPgAQD6AQQIJRAm!16s%2Fg%2F11rgg7wymd?hl=en&entry=ttu&g_ep=EgoyMDI1MDkyMS4wIKXMDSoASAFQAw%3D%3D",2025-09-24 11:59:06
NOVA Q-Health : NOVA Pharmacy Queens,5.0,"104-01 Northern Blvd, Queens, NY 11368, United States",+1 646-809-9595,http://www.novapharmacy.store/,"https://www.google.com/maps/place/NOVA+Q-Health+:+NOVA+Pharmacy+Queens/@40.7578503,-73.9366145,13z/data=!4m11!1m3!2m2!1spharmacy+in+queens!6e2!3m6!1s0x89c25f2817c60edd:0xee7dfbbf96f726a9!8m2!3d40.7578503!4d-73.8645167!15sChJwaGFybWFjeSBpbiBxdWVlbnNaFCIScGhhcm1hY3kgaW4gcXVlZW5zkgEIcGhhcm1hY3maASRDaGREU1VoTk1HOW5TMFZKUTBGblNVUjRhRGxpUVdkM1JSQUKqAVQKCS9tLzAxcmZwcxABKgwiCHBoYXJtYWN5KAAyHxABIhtXqgvvP1iBCJLD5Flqh9sChHmBoY-PPthMVK4yFhACIhJwaGFybWFjeSBpbiBxdWVlbnPgAQD6AQQIJRAm!16s%2Fg%2F11rgg7wymd?hl=en&entry=ttu&g_ep=EgoyMDI1MDkyMS4wIKXMDSoASAFQAw%3D%3D",2025-09-24 11:59:09
Walgreens Pharmacy,3.0,"96-02 Rockaway Blvd, Ozone Park, NY 11417, United States",+1 718-848-2334,https://www.walgreens.com/locator/walgreens-9602+rockaway+blvd-ozone+park-ny-11417/id=18412,"https://www.google.com/maps/place/Walgreens+Pharmacy/@40.6801415,-73.9143154,13z/data=!3m1!5s0x89c25df5f9f52b91:0x6982f06efa079d91!4m11!1m3!2m2!1spharmacy+in+queens!6e2!3m6!1s0x89c25dead45e1755:0xbdede56da04e679d!8m2!3d40.6801415!4d-73.8422176!15sChJwaGFybWFjeSBpbiBxdWVlbnNaFCIScGhhcm1hY3kgaW4gcXVlZW5zkgEIcGhhcm1hY3maASNDaFpEU1VoTk1HOW5TMFZKUTBGblNVUmZYMHMyTFdOQkVBRaoBVAoJL20vMDFyZnBzEAEqDCIIcGhhcm1hY3koADIfEAEiG1eqC-8_WIEIksPkWWqH2wKEeYGhj48-2ExUrjIWEAIiEnBoYXJtYWN5IGluIHF1ZWVuc-ABAPoBBAgAEDE!16s%2Fg%2F1td9rfr8?hl=en&entry=ttu&g_ep=EgoyMDI1MDkyMS4wIKXMDSoASAFQAw%3D%3D",2025-09-24 11:59:12
Forest Hills Chemists - Pharmacy,1.0,"112-14 Queens Blvd, Forest Hills, NY 11375, United States",,,"https://www.google.com/maps/place/Junction+Blvd+Pharmacy/@40.7492616,-73.9420634,13z/data=!4m11!1m3!2m2!1spharmacy+in+queens!6e2!3m6!1s0x89c25fb9e6e4ff69:0xcd437667780743da!8m2!3d40.7492616!4d-73.8699656!15sChJwaGFybWFjeSBpbiBxdWVlbnNaFCIScGhhcm1hY3kgaW4gcXVlZW5zkgEIcGhhcm1hY3maASRDaGREU1VoTk1HOW5TMFZKUTBGblRVTlpNa3BVU1doblJSQUKqAVQKCS9tLzAxcmZwcxABKgwiCHBoYXJtYWN5KAAyHxABIhtXqgvvP1iBCJLD5Flqh9sChHmBoY-PPthMVK4yFhACIhJwaGFybWFjeSBpbiBxdWVlbnPgAQD6AQQIABAx!16s%2Fg%2F1tg2ll9l?hl=en&entry=ttu&g_ep=EgoyMDI1MDkyMS4wIKXMDSoASAFQAw%3D%3D",2025-09-24 11:59:31
Junction Blvd Pharmacy,4.4,"95-53 Roosevelt Ave, Flushing, NY 11372, United States",+1 718-396-4030,,"https://www.google.com/maps/place/HOLLIS+PHARMACY/@40.7106932,-73.842617,13z/data=!4m11!1m3!2m2!1spharmacy+in+queens!6e2!3m6!1s0x89c2616cbeab73f3:0x4402398536a75454!8m2!3d40.7106932!4d-73.7705192!15sChJwaGFybWFjeSBpbiBxdWVlbnNaFCIScGhhcm1hY3kgaW4gcXVlZW5zkgEIcGhhcm1hY3maASRDaGREU1VoTk1HOW5TMFZKUTBGblNVTktiM0IyVkd4QlJSQUKqAVQKCS9tLzAxcmZwcxABKgwiCHBoYXJtYWN5KAAyHxABIhtXqgvvP1iBCJLD5Flqh9sChHmBoY-PPthMVK4yFhACIhJwaGFybWFjeSBpbiBxdWVlbnPgAQD6AQUIiAEQFg!16s%2Fg%2F1vj603pp?hl=en&entry=ttu&g_ep=EgoyMDI1MDkyMS4wIKXMDSoASAFQAw%3D%3D",2025-09-24 11:59:49
HOLLIS PHARMACY,4.8,"188-06 Jamaica Ave # A, Jamaica, NY 11423, United States",+1 718-776-8505,,"https://www.google.com/maps/place/Manson+Pharmacy/@40.7092812,-73.8907694,13z/data=!4m11!1m3!2m2!1spharmacy+in+queens!6e2!3m6!1s0x89c260bf7e979343:0x39e175da12da3394!8m2!3d40.7092812!4d-73.8186716!15sChJwaGFybWFjeSBpbiBxdWVlbnNaFCIScGhhcm1hY3kgaW4gcXVlZW5zkgEIcGhhcm1hY3maAURDaTlEUVVsUlFVTnZaRU5vZEhsalJqbHZUMnhrU0ZkWFZrOU9NblJvWlZVeGFWSjZiRWxXUjNCcVlucFdjVTFyUlJBQqoBVAoJL20vMDFyZnBzEAEqDCIIcGhhcm1hY3koADIfEAEiG1eqC-8_WIEIksPkWWqH2wKEeYGhj48-2ExUrjIWEAIiEnBoYXJtYWN5IGluIHF1ZWVuc-ABAPoBBAgAEDs!16s%2Fg%2F1tdy9_66?hl=en&entry=ttu&g_ep=EgoyMDI1MDkyMS4wIKXMDSoASAFQAw%3D%3D",2025-09-24 12:00:07
Manson Pharmacy,3.1,"137-69 Queens Blvd, Jamaica, NY 11435, United States",+1 718-297-4424,,"https://www.google.com/maps/place/New+Town+Pharmacy/@40.7377774,-73.9486113,13z/data=!4m11!1m3!2m2!1spharmacy+in+queens!6e2!3m6!1s0x89c25e4d784aa0c9:0x297eefe5d0456450!8m2!3d40.7377774!4d-73.8765135!15sChJwaGFybWFjeSBpbiBxdWVlbnNaFCIScGhhcm1hY3kgaW4gcXVlZW5zkgEIcGhhcm1hY3maASNDaFpEU1VoTk1HOW5TMFZKUTBGblNVUlhhRFZZUTFOM0VBRaoBVAoJL20vMDFyZnBzEAEqDCIIcGhhcm1hY3koADIfEAEiG1eqC-8_WIEIksPkWWqH2wKEeYGhj48-2ExUrjIWEAIiEnBoYXJtYWN5IGluIHF1ZWVuc-ABAPoBBAgAEAw!16s%2Fg%2F11bw4mtz65?hl=en&entry=ttu&g_ep=EgoyMDI1MDkyMS4wIKXMDSoASAFQAw%3D%3D",2025-09-24 12:00:26
New Town Pharmacy,4.8,"86 Justice Ave #15, Elmhurst, NY 11373, United States",+1 718-760-2600,http://elmhurstdrugs.com/,"https://www.google.com/maps/place/Elmhurst+Drugs/@40.7377774,-73.9486113,13z/data=!4m11!1m3!2m2!1spharmacy+in+queens!6e2!3m6!1s0x89c25e52b691a943:0x1496c0fecf60f0d6!8m2!3d40.7398236!4d-73.8785912!15sChJwaGFybWFjeSBpbiBxdWVlbnNaFCIScGhhcm1hY3kgaW4gcXVlZW5zkgEIcGhhcm1hY3maASNDaFpEU1VoTk1HOW5TMFZKUTBGblNVTm1ialY1Y1dWQkVBRaoBVAoJL20vMDFyZnBzEAEqDCIIcGhhcm1hY3koADIfEAEiG1eqC-8_WIEIksPkWWqH2wKEeYGhj48-2ExUrjIWEAIiEnBoYXJtYWN5IGluIHF1ZWVuc-ABAPoBBAgAEC0!16s%2Fg%2F1tj2pcwg?hl=en&entry=ttu&g_ep=EgoyMDI1MDkyMS4wIKXMDSoASAFQAw%3D%3D",2025-09-24 12:00:30
Elmhurst Drugs,3.6,"84-04 Broadway, Flushing, NY 11373, United States",+1 718-457-7884,http://elmhurstdrugs.com/,"https://www.google.com/maps/place/Elmhurst+Drugs/@40.7377774,-73.9486113,13z/data=!4m11!1m3!2m2!1spharmacy+in+queens!6e2!3m6!1s0x89c25e52b691a943:0x1496c0fecf60f0d6!8m2!3d40.7398236!4d-73.8785912!15sChJwaGFybWFjeSBpbiBxdWVlbnNaFCIScGhhcm1hY3kgaW4gcXVlZW5zkgEIcGhhcm1hY3maASNDaFpEU1VoTk1HOW5TMFZKUTBGblNVTm1ialY1Y1dWQkVBRaoBVAoJL20vMDFyZnBzEAEqDCIIcGhhcm1hY3koADIfEAEiG1eqC-8_WIEIksPkWWqH2wKEeYGhj48-2ExUrjIWEAIiEnBoYXJtYWN5IGluIHF1ZWVuc-ABAPoBBAgAEC0!16s%2Fg%2F1tj2pcwg?hl=en&entry=ttu&g_ep=EgoyMDI1MDkyMS4wIKXMDSoASAFQAw%3D%3D",2025-09-24 12:00:33
RDS PHARMACY,4.8,"121-17 Jamaica Ave, Richmond Hill, NY 11418, United States",+1 718-849-9800,,"https://www.google.com/maps/place/Vital+Med+Pharmacy/@40.700613,-73.900466,13z/data=!4m11!1m3!2m2!1spharmacy+in+queens!6e2!3m6!1s0x89c2608a2c04e2db:0x943da90bf5ee2040!8m2!3d40.7301987!4d-73.8238569!15sChJwaGFybWFjeSBpbiBxdWVlbnNaFCIScGhhcm1hY3kgaW4gcXVlZW5zkgEIcGhhcm1hY3maAURDaTlEUVVsUlFVTnZaRU5vZEhsalJqbHZUMnRrZFZrd1RscFZSVVozVWtVNVVXUXhTa2hVVkZvMlkwWldSVlZWUlJBQqoBVAoJL20vMDFyZnBzEAEqDCIIcGhhcm1hY3koADIfEAEiG1eqC-8_WIEIksPkWWqH2wKEeYGhj48-2ExUrjIWEAIiEnBoYXJtYWN5IGluIHF1ZWVuc-ABAPoBBAgAEEw!16s%2Fg%2F11cn9wvmdl?hl=en&entry=ttu&g_ep=EgoyMDI1MDkyMS4wIKXMDSoASAFQAw%3D%3D",2025-09-24 12:00:51
Vital Med Pharmacy,4.7,"69-42 Main St, Flushing, NY 11367, United States",+1 718-544-0700,http://www.directrxpharmacyinc.com/,"https://www.google.com/maps/place/Direct+Rx+Pharmacy/@40.700613,-73.900466,13z/data=!4m11!1m3!2m2!1spharmacy+in+queens!6e2!3m6!1s0x89c25dfe2db59181:0xcae84045ea134905!8m2!3d40.6953446!4d-73.8450976!15sChJwaGFybWFjeSBpbiBxdWVlbnNaFCIScGhhcm1hY3kgaW4gcXVlZW5zkgEIcGhhcm1hY3maASNDaFpEU1VoTk1HOW5TMFZKUTBGblNVTk1NVnBYVkdWQkVBRaoBVAoJL20vMDFyZnBzEAEqDCIIcGhhcm1hY3koADIfEAEiG1eqC-8_WIEIksPkWWqH2wKEeYGhj48-2ExUrjIWEAIiEnBoYXJtYWN5IGluIHF1ZWVuc-ABAPoBBAgPEEo!16s%2Fg%2F1262b63v0?hl=en&entry=ttu&g_ep=EgoyMDI1MDkyMS4wIKXMDSoASAFQAw%3D%3D",2025-09-24 12:00:55
Direct Rx Pharmacy,4.0,"102-05 Jamaica Ave, Richmond Hill, NY 11418, United States",+1 718-441-4693,http://www.directrxpharmacyinc.com/,"https://www.google.com/maps/place/Direct+Rx+Pharmacy/@40.6953446,-73.9171954,13z/data=!4m11!1m3!2m2!1spharmacy+in+queens!6e2!3m6!1s0x89c25dfe2db59181:0xcae84045ea134905!8m2!3d40.6953446!4d-73.8450976!15sChJwaGFybWFjeSBpbiBxdWVlbnNaFCIScGhhcm1hY3kgaW4gcXVlZW5zkgEIcGhhcm1hY3maASNDaFpEU1VoTk1HOW5TMFZKUTBGblNVTk1NVnBYVkdWQkVBRaoBVAoJL20vMDFyZnBzEAEqDCIIcGhhcm1hY3koADIfEAEiG1eqC-8_WIEIksPkWWqH2wKEeYGhj48-2ExUrjIWEAIiEnBoYXJtYWN5IGluIHF1ZWVuc-ABAPoBBAgPEEo!16s%2Fg%2F1262b63v0?hl=en&entry=ttu&g_ep=EgoyMDI1MDkyMS4wIKXMDSoASAFQAw%3D%3D",2025-09-24 12:00:58
Hollis Drugs & Surgicals,4.9,"206-08 Hollis Ave, Queens Village, NY 11429, United States",+1 718-464-1556,http://www.hollispharmacyandnotary.com/,"https://www.google.com/maps/place/Hollis+Drugs+%26+Surgicals/@40.7071686,-73.8227831,13z/data=!4m11!1m3!2m2!1spharmacy+in+queens!6e2!3m6!1s0x89c26163d353761d:0xd7e461a29c8dc57d!8m2!3d40.7071686!4d-73.7506853!15sChJwaGFybWFjeSBpbiBxdWVlbnNaFCIScGhhcm1hY3kgaW4gcXVlZW5zkgEIcGhhcm1hY3maASRDaGREU1VoTk1HOW5TMFZKUTBGblNVUktkRkJNY0hGM1JSQUKqAVQKCS9tLzAxcmZwcxABKgwiCHBoYXJtYWN5KAAyHxABIhtXqgvvP1iBCJLD5Flqh9sChHmBoY-PPthMVK4yFhACIhJwaGFybWFjeSBpbiBxdWVlbnPgAQD6AQQIdxAy!16s%2Fg%2F1tkkvt4l?hl=en&entry=ttu&g_ep=EgoyMDI1MDkyMS4wIKXMDSoASAFQAw%3D%3D",2025-09-24 12:01:01
Max Pharmacy,4.9,"98-18 Astoria Blvd, East Elmhurst, NY 11369, United States",+1 718-406-9312,http://www.simonspharmacyrx.com/,"https://www.google.com/maps/place/Simon's+Pharmacy/@40.7619069,-73.9426639,13z/data=!4m11!1m3!2m2!1spharmacy+in+queens!6e2!3m6!1s0x89c260992e4161fd:0xaff92cc6e66b506e!8m2!3d40.7265609!4d-73.85164!15sChJwaGFybWFjeSBpbiBxdWVlbnNaFCIScGhhcm1hY3kgaW4gcXVlZW5zkgEIcGhhcm1hY3maASRDaGREU1VoTk1HOW5TMFZKUTBGblNVUkNNRFpRTW5GUlJSQUKqAVQKCS9tLzAxcmZwcxABKgwiCHBoYXJtYWN5KAAyHxABIhtXqgvvP1iBCJLD5Flqh9sChHmBoY-PPthMVK4yFhACIhJwaGFybWFjeSBpbiBxdWVlbnPgAQD6AQQIHhAc!16s%2Fg%2F1tf6168v?hl=en&entry=ttu&g_ep=EgoyMDI1MDkyMS4wIKXMDSoASAFQAw%3D%3D",2025-09-24 12:01:05
Simon's Pharmacy,4.2,"101-17 Queens Blvd, Forest Hills, NY 11375, United States",+1 718-997-7333,http://www.simonspharmacyrx.com/,"https://www.google.com/maps/place/Simon's+Pharmacy/@40.7265609,-73.9237378,13z/data=!4m11!1m3!2m2!1spharmacy+in+queens!6e2!3m6!1s0x89c260992e4161fd:0xaff92cc6e66b506e!8m2!3d40.7265609!4d-73.85164!15sChJwaGFybWFjeSBpbiBxdWVlbnNaFCIScGhhcm1hY3kgaW4gcXVlZW5zkgEIcGhhcm1hY3maASRDaGREU1VoTk1HOW5TMFZKUTBGblNVUkNNRFpRTW5GUlJSQUKqAVQKCS9tLzAxcmZwcxABKgwiCHBoYXJtYWN5KAAyHxABIhtXqgvvP1iBCJLD5Flqh9sChHmBoY-PPthMVK4yFhACIhJwaGFybWFjeSBpbiBxdWVlbnPgAQD6AQQIHhAc!16s%2Fg%2F1tf6168v?hl=en&entry=ttu&g_ep=EgoyMDI1MDkyMS4wIKXMDSoASAFQAw%3D%3D",2025-09-24 12:01:09
J & D Pharmacy,3.6,"71-68 Yellowstone Blvd, Forest Hills, NY 11375, United States",+1 718-544-7182,,"https://www.google.com/maps/place/Frank's+Pharmacy/@40.7494636,-73.9608839,13z/data=!4m11!1m3!2m2!1spharmacy+in+queens!6e2!3m6!1s0x89c25f07058d8487:0x564c6dcd00d13ad7!8m2!3d40.7494636!4d-73.8887861!15sChJwaGFybWFjeSBpbiBxdWVlbnNaFCIScGhhcm1hY3kgaW4gcXVlZW5zkgEIcGhhcm1hY3maASRDaGREU1VoTk1HOW5TMFZKUTBGblNVTTVlVjkxUTJ4UlJSQUKqAVQKCS9tLzAxcmZwcxABKgwiCHBoYXJtYWN5KAAyHxABIhtXqgvvP1iBCJLD5Flqh9sChHmBoY-PPthMVK4yFhACIhJwaGFybWFjeSBpbiBxdWVlbnPgAQD6AQQIABAx!16s%2Fg%2F1tfzsvd0?hl=en&entry=ttu&g_ep=EgoyMDI1MDkyMS4wIKXMDSoASAFQAw%3D%3D",2025-09-24 12:01:27
Frank's Pharmacy,4.3,"77-01 37th Ave, Jackson Heights, NY 11372, United States",+1 718-899-2600,,"https://www.google.com/maps/place/Good+Faith+Pharmacy+LLC/@40.6896386,-73.8494168,13z/data=!4m11!1m3!2m2!1spharmacy+in+queens!6e2!3m6!1s0x89c26172abcd4fbd:0xd1e3d247ddb80148!8m2!3d40.6896386!4d-73.777319!15sChJwaGFybWFjeSBpbiBxdWVlbnNaFCIScGhhcm1hY3kgaW4gcXVlZW5zkgEIcGhhcm1hY3maASNDaFpEU1VoTk1HOW5TMFZKUTBGblNVUndNR0o1TWs5M0VBRaoBVAoJL20vMDFyZnBzEAEqDCIIcGhhcm1hY3koADIfEAEiG1eqC-8_WIEIksPkWWqH2wKEeYGhj48-2ExUrjIWEAIiEnBoYXJtYWN5IGluIHF1ZWVuc-ABAPoBBAhhEEM!16s%2Fg%2F11trr3nj59?hl=en&entry=ttu&g_ep=EgoyMDI1MDkyMS4wIKXMDSoASAFQAw%3D%3D",2025-09-24 12:01:45
Good Faith Pharmacy LLC,4.8,"115-11 Merrick Blvd, Queens, NY 11434, United States",+1 718-880-2355,,"https://www.google.com/maps/place/Square+Pharmacy/@40.7495609,-73.9337541,13z/data=!4m11!1m3!2m2!1spharmacy+in+queens!6e2!3m6!1s0x89c25fc6456e7781:0x611884008410da4b!8m2!3d40.7495609!4d-73.8616563!15sChJwaGFybWFjeSBpbiBxdWVlbnNaFCIScGhhcm1hY3kgaW4gcXVlZW5zkgEIcGhhcm1hY3maASNDaFpEU1VoTk1HOW5TMFZKUTBGblNVUlNhMDVwU2t0M0VBRaoBVAoJL20vMDFyZnBzEAEqDCIIcGhhcm1hY3koADIfEAEiG1eqC-8_WIEIksPkWWqH2wKEeYGhj48-2ExUrjIWEAIiEnBoYXJtYWN5IGluIHF1ZWVuc-ABAPoBBAgPEC0!16s%2Fg%2F1vq75shk?hl=en&entry=ttu&g_ep=EgoyMDI1MDkyMS4wIKXMDSoASAFQAw%3D%3D",2025-09-24 12:02:03
Square Pharmacy,4.7,"40-04 104th St, Flushing, NY 11368, United States",+1 718-639-3800,https://www.walgreens.com/locator/walgreens-8432+jamaica+ave-woodhaven-ny-11421/id=14271,"https://www.google.com/maps/place/Duane+Reade+Pharmacy/@40.7495609,-73.9337541,13z/data=!4m11!1m3!2m2!1spharmacy+in+queens!6e2!3m6!1s0x89c25d6743f09f21:0xe0c119b55682d174!8m2!3d40.6922271!4d-73.859511!15sChJwaGFybWFjeSBpbiBxdWVlbnNaFCIScGhhcm1hY3kgaW4gcXVlZW5zkgEIcGhhcm1hY3mqAVQKCS9tLzAxcmZwcxABKgwiCHBoYXJtYWN5KAAyHxABIhtXqgvvP1iBCJLD5Flqh9sChHmBoY-PPthMVK4yFhACIhJwaGFybWFjeSBpbiBxdWVlbnPgAQA!16s%2Fg%2F11g079wzv1?hl=en&entry=ttu&g_ep=EgoyMDI1MDkyMS4wIKXMDSoASAFQAw%3D%3D",2025-09-24 12:02:07
Duane Reade Pharmacy,2.8,"84-32 Jamaica Ave, Woodhaven, NY 11421, United States",+1 718-277-5814,https://www.walgreens.com/locator/walgreens-8432+jamaica+ave-woodhaven-ny-11421/id=14271,"https://www.google.com/maps/place/Duane+Reade+Pharmacy/@40.6922271,-73.9316088,13z/data=!4m11!1m3!2m2!1spharmacy+in+queens!6e2!3m6!1s0x89c25d6743f09f21:0xe0c119b55682d174!8m2!3d40.6922271!4d-73.859511!15sChJwaGFybWFjeSBpbiBxdWVlbnNaFCIScGhhcm1hY3kgaW4gcXVlZW5zkgEIcGhhcm1hY3mqAVQKCS9tLzAxcmZwcxABKgwiCHBoYXJtYWN5KAAyHxABIhtXqgvvP1iBCJLD5Flqh9sChHmBoY-PPthMVK4yFhACIhJwaGFybWFjeSBpbiBxdWVlbnPgAQA!16s%2Fg%2F11g079wzv1?hl=en&entry=ttu&g_ep=EgoyMDI1MDkyMS4wIKXMDSoASAFQAw%3D%3D",2025-09-24 12:02:11
Glenridge Pharmacy,4.8,"68-01 Myrtle Ave, Glendale, NY 11385, United States",+1 718-366-3561,http://glenridgerx.com/,"https://www.google.com/maps/place/Glenridge+Pharmacy/@40.7018193,-73.9566822,13z/data=!4m11!1m3!2m2!1spharmacy+in+queens!6e2!3m6!1s0x89c25e7f60475d11:0x263bd1bf14723a4e!8m2!3d40.7018193!4d-73.8845844!15sChJwaGFybWFjeSBpbiBxdWVlbnNaFCIScGhhcm1hY3kgaW4gcXVlZW5zkgEIcGhhcm1hY3maASRDaGREU1VoTk1HOW5TMFZKUTBGblNVTm9jRGczVXkxblJSQUKqAVQKCS9tLzAxcmZwcxABKgwiCHBoYXJtYWN5KAAyHxABIhtXqgvvP1iBCJLD5Flqh9sChHmBoY-PPthMVK4yFhACIhJwaGFybWFjeSBpbiBxdWVlbnPgAQD6AQUIjQIQPw!16s%2Fg%2F11g8npzr93?hl=en&entry=ttu&g_ep=EgoyMDI1MDkyMS4wIKXMDSoASAFQAw%3D%3D",2025-09-24 12:02:14
Leader RX Pharmacy - Forest Hills,4.9,"63-46 108th St, Forest Hills, NY 11375, United States",+1 718-304-1550,https://leaderrxpharmacy.com/,"https://www.google.com/maps/place/Leader+RX+Pharmacy+-+Forest+Hills/@40.7337941,-73.922322,13z/data=!4m11!1m3!2m2!1spharmacy+in+queens!6e2!3m6!1s0x89c25f0c4ab9c01d:0xc74eb9c0ee968262!8m2!3d40.7337941!4d-73.8502242!15sChJwaGFybWFjeSBpbiBxdWVlbnNaFCIScGhhcm1hY3kgaW4gcXVlZW5zkgEIcGhhcm1hY3maASRDaGREU1VoTk1HOW5TMFZKUTBGblNVTnNNRnB5ZG1sM1JSQUKqAVQKCS9tLzAxcmZwcxABKgwiCHBoYXJtYWN5KAAyHxABIhtXqgvvP1iBCJLD5Flqh9sChHmBoY-PPthMVK4yFhACIhJwaGFybWFjeSBpbiBxdWVlbnPgAQD6AQQIABA2!16s%2Fg%2F11jybtc5ms?hl=en&entry=ttu&g_ep=EgoyMDI1MDkyMS4wIKXMDSoASAFQAw%3D%3D",2025-09-24 12:02:17
Best Five Star Pharmacy,4.6,"103-08 Roosevelt Ave, Corona, NY 11368, United States",+1 718-476-9000,http://www.best5starpharmacy.com/,"https://www.google.com/maps/place/Best+Five+Star+Pharmacy/@40.7337941,-73.922322,13z/data=!4m11!1m3!2m2!1spharmacy+in+queens!6e2!3m6!1s0x89c25fc7b34abf7b:0x9480eb2ae4467532!8m2!3d40.749443!4d-73.862469!15sChJwaGFybWFjeSBpbiBxdWVlbnNaFCIScGhhcm1hY3kgaW4gcXVlZW5zkgEIcGhhcm1hY3maASRDaGREU1VoTk1HOW5TMFZKUTBGblNVTm1jalkyU2pOblJSQUKqAVQKCS9tLzAxcmZwcxABKgwiCHBoYXJtYWN5KAAyHxABIhtXqgvvP1iBCJLD5Flqh9sChHmBoY-PPthMVK4yFhACIhJwaGFybWFjeSBpbiBxdWVlbnPgAQD6AQQIABAY!16s%2Fg%2F11dxqjyk0p?hl=en&entry=ttu&g_ep=EgoyMDI1MDkyMS4wIKXMDSoASAFQAw%3D%3D",2025-09-24 12:02:20
QV Pharmacy,4.4,"214-09 Jamaica Ave, Queens Village, NY 11428, United States",+1 718-465-5400,https://www.trumedpharmacyinc.com/,"https://www.google.com/maps/place/TRU+MED+PHARMACY/@40.7167452,-73.8157375,13z/data=!4m11!1m3!2m2!1spharmacy+in+queens!6e2!3m6!1s0x89c2619b3dba0a07:0x9c21a4a5e8a9959d!8m2!3d40.6962144!4d-73.8383541!15sChJwaGFybWFjeSBpbiBxdWVlbnNaFCIScGhhcm1hY3kgaW4gcXVlZW5zkgEIcGhhcm1hY3maASNDaFpEU1VoTk1HOW5TMFZKUTBGblNVUTNiMGxYU1VSUkVBRaoBVAoJL20vMDFyZnBzEAEqDCIIcGhhcm1hY3koADIfEAEiG1eqC-8_WIEIksPkWWqH2wKEeYGhj48-2ExUrjIWEAIiEnBoYXJtYWN5IGluIHF1ZWVuc-ABAPoBBAgAEEE!16s%2Fg%2F11l2p16863?hl=en&entry=ttu&g_ep=EgoyMDI1MDkyMS4wIKXMDSoASAFQAw%3D%3D",2025-09-24 12:02:24
TRU MED PHARMACY,4.9,"109-15 Jamaica Ave, Queens, NY 11418, United States",+1 718-487-3333,https://www.trumedpharmacyinc.com/,"https://www.google.com/maps/place/TRU+MED+PHARMACY/@40.6962144,-73.9104519,13z/data=!4m11!1m3!2m2!1spharmacy+in+queens!6e2!3m6!1s0x89c2619b3dba0a07:0x9c21a4a5e8a9959d!8m2!3d40.6962144!4d-73.8383541!15sChJwaGFybWFjeSBpbiBxdWVlbnNaFCIScGhhcm1hY3kgaW4gcXVlZW5zkgEIcGhhcm1hY3maASNDaFpEU1VoTk1HOW5TMFZKUTBGblNVUTNiMGxYU1VSUkVBRaoBVAoJL20vMDFyZnBzEAEqDCIIcGhhcm1hY3koADIfEAEiG1eqC-8_WIEIksPkWWqH2wKEeYGhj48-2ExUrjIWEAIiEnBoYXJtYWN5IGluIHF1ZWVuc-ABAPoBBAgAEEE!16s%2Fg%2F11l2p16863?hl=en&entry=ttu&g_ep=EgoyMDI1MDkyMS4wIKXMDSoASAFQAw%3D%3D",2025-09-24 12:02:28
Nexus Drugs Inc.,5.0,"75-43 Parsons Blvd Unit 2, Flushing, NY 11366, United States",+1 718-304-2196,https://communitypharmacynyc.com/,"https://www.google.com/maps/place/Community+Pharmacy/@40.72535,-73.8824868,13z/data=!4m11!1m3!2m2!1spharmacy+in+queens!6e2!3m6!1s0x89c266d5bd2cb7ed:0x7b70f3a1e44947e1!8m2!3d40.6853634!4d-73.7934865!15sChJwaGFybWFjeSBpbiBxdWVlbnNaFCIScGhhcm1hY3kgaW4gcXVlZW5zkgEIcGhhcm1hY3maASNDaFpEU1VoTk1HOW5TMFZKUTBGblNVTnNhbU5JYWtSM0VBRaoBVAoJL20vMDFyZnBzEAEqDCIIcGhhcm1hY3koADIfEAEiG1eqC-8_WIEIksPkWWqH2wKEeYGhj48-2ExUrjIWEAIiEnBoYXJtYWN5IGluIHF1ZWVuc-ABAPoBBAgAEEw!16s%2Fg%2F1tf2t47v?hl=en&entry=ttu&g_ep=EgoyMDI1MDkyMS4wIKXMDSoASAFQAw%3D%3D",2025-09-24 12:02:31
Community Pharmacy,4.7,"114-34 Sutphin Blvd, Jamaica, NY 11434, United States",+1 718-925-9259,https://communitypharmacynyc.com/,"https://www.google.com/maps/place/Community+Pharmacy/@40.6853634,-73.8655843,13z/data=!4m11!1m3!2m2!1spharmacy+in+queens!6e2!3m6!1s0x89c266d5bd2cb7ed:0x7b70f3a1e44947e1!8m2!3d40.6853634!4d-73.7934865!15sChJwaGFybWFjeSBpbiBxdWVlbnNaFCIScGhhcm1hY3kgaW4gcXVlZW5zkgEIcGhhcm1hY3maASNDaFpEU1VoTk1HOW5TMFZKUTBGblNVTnNhbU5JYWtSM0VBRaoBVAoJL20vMDFyZnBzEAEqDCIIcGhhcm1hY3koADIfEAEiG1eqC-8_WIEIksPkWWqH2wKEeYGhj48-2ExUrjIWEAIiEnBoYXJtYWN5IGluIHF1ZWVuc-ABAPoBBAgAEEw!16s%2Fg%2F1tf2t47v?hl=en&entry=ttu&g_ep=EgoyMDI1MDkyMS4wIKXMDSoASAFQAw%3D%3D",2025-09-24 12:02:35
Forest Drugs,3.7,"112-53 Queens Blvd, Flushing, NY 11375, United States",+1 718-575-9482,,"https://www.google.com/maps/place/Turnpike+Chemist+Pharmacy/@40.7361596,-73.8180536,13z/data=!3m1!5s0x89c26220d3b175bf:0x9f7557790c3ff0f1!4m11!1m3!2m2!1spharmacy+in+queens!6e2!3m6!1s0x89c26368c411063b:0xecba2912b046df67!8m2!3d40.7361596!4d-73.7459558!15sChJwaGFybWFjeSBpbiBxdWVlbnNaFCIScGhhcm1hY3kgaW4gcXVlZW5zkgEIcGhhcm1hY3maASNDaFpEU1VoTk1HOW5TMFZKUTBGblNVTXljRFUzY0VKbkVBRaoBVAoJL20vMDFyZnBzEAEqDCIIcGhhcm1hY3koADIfEAEiG1eqC-8_WIEIksPkWWqH2wKEeYGhj48-2ExUrjIWEAIiEnBoYXJtYWN5IGluIHF1ZWVuc-ABAPoBBAgAEEA!16s%2Fg%2F11rpl08j2_?hl=en&entry=ttu&g_ep=EgoyMDI1MDkyMS4wIKXMDSoASAFQAw%3D%3D",2025-09-24 12:02:53
Turnpike Chemist Pharmacy,5.0,"224-21 Union Tpke, Oakland Gardens, NY 11364, United States",+1 347-894-8014,https://netrxpharmacy.com/,"https://www.google.com/maps/place/NetRx+Pharmacy/@40.7361596,-73.8180536,13z/data=!3m1!5s0x89c26220d3b175bf:0x9f7557790c3ff0f1!4m11!1m3!2m2!1spharmacy+in+queens!6e2!3m6!1s0x89c25fda0559a3fd:0xf37cf9640c94d5bb!8m2!3d40.7289301!4d-73.8598845!15sChJwaGFybWFjeSBpbiBxdWVlbnNaFCIScGhhcm1hY3kgaW4gcXVlZW5zkgEIcGhhcm1hY3maASNDaFpEU1VoTk1HOW5TMFZKUTBGblNVUlVjelJYWDJKM0VBRaoBVAoJL20vMDFyZnBzEAEqDCIIcGhhcm1hY3koADIfEAEiG1eqC-8_WIEIksPkWWqH2wKEeYGhj48-2ExUrjIWEAIiEnBoYXJtYWN5IGluIHF1ZWVuc-ABAPoBBAgAEEQ!16s%2Fg%2F11r_k65v53?hl=en&entry=ttu&g_ep=EgoyMDI1MDkyMS4wIKXMDSoASAFQAw%3D%3D",2025-09-24 12:02:57
NetRx Pharmacy,4.9,"97-10 Queens Blvd, Rego Park, NY 11374, United States",+1 718-685-2553,https://netrxpharmacy.com/,"https://www.google.com/maps/place/NetRx+Pharmacy/@40.7289301,-73.9319823,13z/data=!4m11!1m3!2m2!1spharmacy+in+queens!6e2!3m6!1s0x89c25fda0559a3fd:0xf37cf9640c94d5bb!8m2!3d40.7289301!4d-73.8598845!15sChJwaGFybWFjeSBpbiBxdWVlbnNaFCIScGhhcm1hY3kgaW4gcXVlZW5zkgEIcGhhcm1hY3maASNDaFpEU1VoTk1HOW5TMFZKUTBGblNVUlVjelJYWDJKM0VBRaoBVAoJL20vMDFyZnBzEAEqDCIIcGhhcm1hY3koADIfEAEiG1eqC-8_WIEIksPkWWqH2wKEeYGhj48-2ExUrjIWEAIiEnBoYXJtYWN5IGluIHF1ZWVuc-ABAPoBBAgAEEQ!16s%2Fg%2F11r_k65v53?hl=en&entry=ttu&g_ep=EgoyMDI1MDkyMS4wIKXMDSoASAFQAw%3D%3D",2025-09-24 12:03:00
The J Apothecary Pharmacy,4.6,"101-21 Jamaica Ave, Richmond Hill, NY 11418, United States",+1 718-846-8600,,"https://www.google.com/maps/place/Glory+Pharmacy/@40.7289301,-73.9319823,13z/data=!4m11!1m3!2m2!1spharmacy+in+queens!6e2!3m6!1s0x89c25f6d172254b5:0xb889c3b9fc8e437a!8m2!3d40.7108487!4d-73.8541507!15sChJwaGFybWFjeSBpbiBxdWVlbnNaFCIScGhhcm1hY3kgaW4gcXVlZW5zkgEIcGhhcm1hY3maASRDaGREU1VoTk1HOW5TMFZKUTBGblNVUXllVXRZWVRWUlJSQUKqAVQKCS9tLzAxcmZwcxABKgwiCHBoYXJtYWN5KAAyHxABIhtXqgvvP1iBCJLD5Flqh9sChHmBoY-PPthMVK4yFhACIhJwaGFybWFjeSBpbiBxdWVlbnPgAQD6AQQIABAj!16s%2Fg%2F11lsggtthd?hl=en&entry=ttu&g_ep=EgoyMDI1MDkyMS4wIKXMDSoASAFQAw%3D%3D",2025-09-24 12:03:18
Glory Pharmacy,5.0,"98-14 Metropolitan Ave, Forest Hills, NY 11375, United States",+1 917-300-6041,,"https://www.google.com/maps/place/Village+Pharmacy+Inc/@40.72609,-73.8124348,13z/data=!4m11!1m3!2m2!1spharmacy+in+queens!6e2!3m6!1s0x89c2622ebd79ab07:0x5fe7e41321060ab7!8m2!3d40.72609!4d-73.740337!15sChJwaGFybWFjeSBpbiBxdWVlbnNaFCIScGhhcm1hY3kgaW4gcXVlZW5zkgEIcGhhcm1hY3maASNDaFpEU1VoTk1HOW5TMFZKUTBGblNVTjFjVWxETWtWUkVBRaoBVAoJL20vMDFyZnBzEAEqDCIIcGhhcm1hY3koADIfEAEiG1eqC-8_WIEIksPkWWqH2wKEeYGhj48-2ExUrjIWEAIiEnBoYXJtYWN5IGluIHF1ZWVuc-ABAPoBBAgAECc!16s%2Fg%2F1tk8d0v9?hl=en&entry=ttu&g_ep=EgoyMDI1MDkyMS4wIKXMDSoASAFQAw%3D%3D",2025-09-24 12:03:37
Village Pharmacy Inc,4.3,"90-37 Springfield Blvd, Jamaica, NY 11428, United States",+1 718-464-4844,,"https://www.google.com/maps/place/Kaneda+Pharmacy,+Llc/@40.72609,-73.8124348,13z/data=!4m11!1m3!2m2!1spharmacy+in+queens!6e2!3m6!1s0x89c26010e31fdc33:0xac27c071423c8c4e!8m2!3d40.7595439!4d-73.8261895!15sChJwaGFybWFjeSBpbiBxdWVlbnNaFCIScGhhcm1hY3kgaW4gcXVlZW5zkgEIcGhhcm1hY3maASRDaGREU1VoTk1HOW5TMFZKUTBGblNVUjRhRzlJUVhOM1JSQUKqAVQKCS9tLzAxcmZwcxABKgwiCHBoYXJtYWN5KAAyHxABIhtXqgvvP1iBCJLD5Flqh9sChHmBoY-PPthMVK4yFhACIhJwaGFybWFjeSBpbiBxdWVlbnPgAQD6AQQIABA0!16s%2Fg%2F11b70gc7_j?hl=en&entry=ttu&g_ep=EgoyMDI1MDkyMS4wIKXMDSoASAFQAw%3D%3D",2025-09-24 12:03:55
"Kaneda Pharmacy, Llc",4.8,"40-32 Union St, Flushing, NY 11354, United States",+1 718-888-1489,http://drugsandmorepharmacy.com/,"https://www.google.com/maps/place/Drugs+%26+more+inc/@40.72609,-73.8124348,13z/data=!4m11!1m3!2m2!1spharmacy+in+queens!6e2!3m6!1s0x89c25d0633697d5f:0xbbbe8009bf4eac53!8m2!3d40.6943477!4d-73.8506729!15sChJwaGFybWFjeSBpbiBxdWVlbnNaFCIScGhhcm1hY3kgaW4gcXVlZW5zkgEIcGhhcm1hY3maASRDaGREU1VoTk1HOW5TMFZKUTBGblNVTm9PRFJMUW5kblJSQUKqAVQKCS9tLzAxcmZwcxABKgwiCHBoYXJtYWN5KAAyHxABIhtXqgvvP1iBCJLD5Flqh9sChHmBoY-PPthMVK4yFhACIhJwaGFybWFjeSBpbiBxdWVlbnPgAQD6AQQIABBB!16s%2Fg%2F11sjmn9x07?hl=en&entry=ttu&g_ep=EgoyMDI1MDkyMS4wIKXMDSoASAFQAw%3D%3D",2025-09-24 12:03:59
Drugs & more inc,5.0,"94-19 Jamaica Ave, Woodhaven, NY 11421, United States",+1 718-480-6473,https://www.facebook.com/kmpharmacyllc/,"https://www.google.com/maps/place/Drugs+%26+more+inc/@40.72609,-73.8124348,13z/data=!4m11!1m3!2m2!1spharmacy+in+queens!6e2!3m6!1s0x89c25d0633697d5f:0xbbbe8009bf4eac53!8m2!3d40.6943477!4d-73.8506729!15sChJwaGFybWFjeSBpbiBxdWVlbnNaFCIScGhhcm1hY3kgaW4gcXVlZW5zkgEIcGhhcm1hY3maASRDaGREU1VoTk1HOW5TMFZKUTBGblNVTm9PRFJMUW5kblJSQUKqAVQKCS9tLzAxcmZwcxABKgwiCHBoYXJtYWN5KAAyHxABIhtXqgvvP1iBCJLD5Flqh9sChHmBoY-PPthMVK4yFhACIhJwaGFybWFjeSBpbiBxdWVlbnPgAQD6AQQIABBB!16s%2Fg%2F11sjmn9x07?hl=en&entry=ttu&g_ep=EgoyMDI1MDkyMS4wIKXMDSoASAFQAw%3D%3D",2025-09-24 12:04:02
KM Pharmacy,4.3,"41-35 Kissena Blvd, Flushing, NY 11355, United States",+1 718-888-0110,https://www.facebook.com/kmpharmacyllc/,"https://www.google.com/maps/place/KM+Pharmacy/@40.72609,-73.8124348,13z/data=!4m11!1m3!2m2!1spharmacy+in+queens!6e2!3m6!1s0x89c260118b8bec63:0xead05482913df92!8m2!3d40.7580929!4d-73.8283056!15sChJwaGFybWFjeSBpbiBxdWVlbnNaFCIScGhhcm1hY3kgaW4gcXVlZW5zkgEIcGhhcm1hY3maAURDaTlEUVVsUlFVTnZaRU5vZEhsalJqbHZUMnRPZVZKdVNUSlBWbXh6VVdwT1Uxb3piekpTYlZWNFZGaFZkRll4UlJBQqoBVAoJL20vMDFyZnBzEAEqDCIIcGhhcm1hY3koADIfEAEiG1eqC-8_WIEIksPkWWqH2wKEeYGhj48-2ExUrjIWEAIiEnBoYXJtYWN5IGluIHF1ZWVuc-ABAPoBBAgAECQ!16s%2Fg%2F11clyfq63b?hl=en&entry=ttu&g_ep=EgoyMDI1MDkyMS4wIKXMDSoASAFQAw%3D%3D",2025-09-24 12:04:06
,3.1,"84-46 Jamaica Ave, Woodhaven, NY 11421, United States",+1 718-480-6597,,"https://www.google.com/maps/place/QueensCare+Pharmacy+Corp./@40.72609,-73.8124348,13z/data=!4m11!1m3!2m2!1spharmacy+in+queens!6e2!3m6!1s0x89c25dfdc89407cf:0xe6aa23a6330e67e8!8m2!3d40.692392!4d-73.859126!15sChJwaGFybWFjeSBpbiBxdWVlbnNaFCIScGhhcm1hY3kgaW4gcXVlZW5zkgEIcGhhcm1hY3maASRDaGREU1VoTk1HOW5TMFZKUTBGblNVTm9hazlVUlhoM1JSQUKqAVQKCS9tLzAxcmZwcxABKgwiCHBoYXJtYWN5KAAyHxABIhtXqgvvP1iBCJLD5Flqh9sChHmBoY-PPthMVK4yFhACIhJwaGFybWFjeSBpbiBxdWVlbnPgAQD6AQQIABAp!16s%2Fg%2F11c3k9551c?hl=en&entry=ttu&g_ep=EgoyMDI1MDkyMS4wIKXMDSoASAFQAw%3D%3D",2025-09-24 12:04:21
QueensCare Pharmacy Corp.,3.1,"84-46 Jamaica Ave, Woodhaven, NY 11421, United States",+1 718-480-6597,https://rymap.org/business/kissena-drugs-surgical-supply-inc-n0xirw,"https://www.google.com/maps/place/Kissena+Drugs+%26+Surgical+Supply,+Inc./@40.72609,-73.8124348,13z/data=!4m11!1m3!2m2!1spharmacy+in+queens!6e2!3m6!1s0x89c2605cdfcbce39:0x3e764808ded64719!8m2!3d40.727553!4d-73.812698!15sChJwaGFybWFjeSBpbiBxdWVlbnNaFCIScGhhcm1hY3kgaW4gcXVlZW5zkgEIcGhhcm1hY3maASNDaFpEU1VoTk1HOW5TMFZKUTBGblNVTkVhMG96WkZkUkVBRaoBVAoJL20vMDFyZnBzEAEqDCIIcGhhcm1hY3koADIfEAEiG1eqC-8_WIEIksPkWWqH2wKEeYGhj48-2ExUrjIWEAIiEnBoYXJtYWN5IGluIHF1ZWVuc-ABAPoBBAgAED8!16s%2Fg%2F12628224p?hl=en&entry=ttu&g_ep=EgoyMDI1MDkyMS4wIKXMDSoASAFQAw%3D%3D",2025-09-24 12:04:25
"Kissena Drugs & Surgical Supply, Inc.",4.7,"72-63 Kissena Blvd # 4, Kew Gardens Hills, NY 11367, United States",+1 718-793-7658,https://rymap.org/business/kissena-drugs-surgical-supply-inc-n0xirw,"https://www.google.com/maps/place/Kissena+Drugs+%26+Surgical+Supply,+Inc./@40.727553,-73.8847958,13z/data=!3m1!5s0x89c260f42651c4e3:0xca17704d95985672!4m11!1m3!2m2!1spharmacy+in+queens!6e2!3m6!1s0x89c2605cdfcbce39:0x3e764808ded64719!8m2!3d40.727553!4d-73.812698!15sChJwaGFybWFjeSBpbiBxdWVlbnNaFCIScGhhcm1hY3kgaW4gcXVlZW5zkgEIcGhhcm1hY3maASNDaFpEU1VoTk1HOW5TMFZKUTBGblNVTkVhMG96WkZkUkVBRaoBVAoJL20vMDFyZnBzEAEqDCIIcGhhcm1hY3koADIfEAEiG1eqC-8_WIEIksPkWWqH2wKEeYGhj48-2ExUrjIWEAIiEnBoYXJtYWN5IGluIHF1ZWVuc-ABAPoBBAgAED8!16s%2Fg%2F12628224p?hl=en&entry=ttu&g_ep=EgoyMDI1MDkyMS4wIKXMDSoASAFQAw%3D%3D",2025-09-24 12:04:28
Northern Blvd Pharmacy,4.6,"100-16 Northern Blvd, Corona, NY 11368, United States",+1 718-899-1700,https://www.facebook.com/Northern-Blvd-Pharmacy-819806174842752/,"https://www.google.com/maps/place/Northern+Blvd+Pharmacy/@40.727553,-73.8847958,13z/data=!4m11!1m3!2m2!1spharmacy+in+queens!6e2!3m6!1s0x89c25fbfc88b1d87:0x3225acd5989b524a!8m2!3d40.7571285!4d-73.8676939!15sChJwaGFybWFjeSBpbiBxdWVlbnNaFCIScGhhcm1hY3kgaW4gcXVlZW5zkgEIcGhhcm1hY3mqAVQKCS9tLzAxcmZwcxABKgwiCHBoYXJtYWN5KAAyHxABIhtXqgvvP1iBCJLD5Flqh9sChHmBoY-PPthMVK4yFhACIhJwaGFybWFjeSBpbiBxdWVlbnPgAQA!16s%2Fg%2F11dyzn_7vg?hl=en&entry=ttu&g_ep=EgoyMDI1MDkyMS4wIKXMDSoASAFQAw%3D%3D",2025-09-24 12:04:32
Jewel Pharmacy,3.9,"70-35 Parsons Blvd, Flushing, NY 11365, United States",+1 718-591-1040,https://www.jewelpharm.com/,"https://www.google.com/maps/place/Jewel+Pharmacy/@40.7312932,-73.8819741,13z/data=!3m1!5s0x89c260588e25c183:0x983990bce5b5d084!4m11!1m3!2m2!1spharmacy+in+queens!6e2!3m6!1s0x89c260588f41701d:0xff1f6fca9dd1163!8m2!3d40.7312932!4d-73.8098763!15sChJwaGFybWFjeSBpbiBxdWVlbnNaFCIScGhhcm1hY3kgaW4gcXVlZW5zkgEIcGhhcm1hY3maASNDaFpEU1VoTk1HOW5TMFZKUTBGblNVTmtYM1IyWjA5UkVBRaoBVAoJL20vMDFyZnBzEAEqDCIIcGhhcm1hY3koADIfEAEiG1eqC-8_WIEIksPkWWqH2wKEeYGhj48-2ExUrjIWEAIiEnBoYXJtYWN5IGluIHF1ZWVuc-ABAPoBBAgAECM!16s%2Fg%2F11ckrcp3wq?hl=en&entry=ttu&g_ep=EgoyMDI1MDkyMS4wIKXMDSoASAFQAw%3D%3D",2025-09-24 12:04:35
Accuscript Pharmacy 均康西藥房,5.0,"245-34 Horace Harding Expy, Douglaston, NY 11362, United States",+1 718-229-1450,http://www.accuscript.nyc/,"https://www.google.com/maps/place/Accuscript+Pharmacy+%E5%9D%87%E5%BA%B7%E8%A5%BF%E8%97%A5%E6%88%BF/@40.7312932,-73.8819741,13z/data=!4m11!1m3!2m2!1spharmacy+in+queens!6e2!3m6!1s0x89c289198af8f1e1:0x2af236f296b16667!8m2!3d40.7599209!4d-73.7324945!15sChJwaGFybWFjeSBpbiBxdWVlbnNaFCIScGhhcm1hY3kgaW4gcXVlZW5zkgEIcGhhcm1hY3maASRDaGREU1VoTk1HOW5TMFZKUTBGblNVTkNlVGd6WjNKblJSQUKqAVQKCS9tLzAxcmZwcxABKgwiCHBoYXJtYWN5KAAyHxABIhtXqgvvP1iBCJLD5Flqh9sChHmBoY-PPthMVK4yFhACIhJwaGFybWFjeSBpbiBxdWVlbnPgAQD6AQQIEBA4!16s%2Fg%2F11rts_94xh?hl=en&entry=ttu&g_ep=EgoyMDI1MDkyMS4wIKXMDSoASAFQAw%3D%3D",2025-09-24 12:04:38
Accuscript Pharmacy 均康西藥房,5.0,"245-34 Horace Harding Expy, Douglaston, NY 11362, United States",+1 718-229-1450,http://www.accuscript.nyc/,"https://www.google.com/maps/place/Accuscript+Pharmacy+%E5%9D%87%E5%BA%B7%E8%A5%BF%E8%97%A5%E6%88%BF/@40.7312932,-73.8819741,13z/data=!4m11!1m3!2m2!1spharmacy+in+queens!6e2!3m6!1s0x89c289198af8f1e1:0x2af236f296b16667!8m2!3d40.7599209!4d-73.7324945!15sChJwaGFybWFjeSBpbiBxdWVlbnNaFCIScGhhcm1hY3kgaW4gcXVlZW5zkgEIcGhhcm1hY3maASRDaGREU1VoTk1HOW5TMFZKUTBGblNVTkNlVGd6WjNKblJSQUKqAVQKCS9tLzAxcmZwcxABKgwiCHBoYXJtYWN5KAAyHxABIhtXqgvvP1iBCJLD5Flqh9sChHmBoY-PPthMVK4yFhACIhJwaGFybWFjeSBpbiBxdWVlbnPgAQD6AQQIEBA4!16s%2Fg%2F11rts_94xh?hl=en&entry=ttu&g_ep=EgoyMDI1MDkyMS4wIKXMDSoASAFQAw%3D%3D",2025-09-24 12:04:41
Accuscript Pharmacy 均康西藥房,5.0,"245-34 Horace Harding Expy, Douglaston, NY 11362, United States",+1 718-229-1450,http://www.accuscript.nyc/,"https://www.google.com/maps/place/Accuscript+Pharmacy+%E5%9D%87%E5%BA%B7%E8%A5%BF%E8%97%A5%E6%88%BF/@40.7312932,-73.8819741,13z/data=!4m11!1m3!2m2!1spharmacy+in+queens!6e2!3m6!1s0x89c289198af8f1e1:0x2af236f296b16667!8m2!3d40.7599209!4d-73.7324945!15sChJwaGFybWFjeSBpbiBxdWVlbnNaFCIScGhhcm1hY3kgaW4gcXVlZW5zkgEIcGhhcm1hY3maASRDaGREU1VoTk1HOW5TMFZKUTBGblNVTkNlVGd6WjNKblJSQUKqAVQKCS9tLzAxcmZwcxABKgwiCHBoYXJtYWN5KAAyHxABIhtXqgvvP1iBCJLD5Flqh9sChHmBoY-PPthMVK4yFhACIhJwaGFybWFjeSBpbiBxdWVlbnPgAQD6AQQIEBA4!16s%2Fg%2F11rts_94xh?hl=en&entry=ttu&g_ep=EgoyMDI1MDkyMS4wIKXMDSoASAFQAw%3D%3D",2025-09-24 12:04:44
Accuscript Pharmacy 均康西藥房,5.0,"245-34 Horace Harding Expy, Douglaston, NY 11362, United States",+1 718-229-1450,http://www.accuscript.nyc/,"https://www.google.com/maps/place/Accuscript+Pharmacy+%E5%9D%87%E5%BA%B7%E8%A5%BF%E8%97%A5%E6%88%BF/@40.7312932,-73.8819741,13z/data=!4m11!1m3!2m2!1spharmacy+in+queens!6e2!3m6!1s0x89c289198af8f1e1:0x2af236f296b16667!8m2!3d40.7599209!4d-73.7324945!15sChJwaGFybWFjeSBpbiBxdWVlbnNaFCIScGhhcm1hY3kgaW4gcXVlZW5zkgEIcGhhcm1hY3maASRDaGREU1VoTk1HOW5TMFZKUTBGblNVTkNlVGd6WjNKblJSQUKqAVQKCS9tLzAxcmZwcxABKgwiCHBoYXJtYWN5KAAyHxABIhtXqgvvP1iBCJLD5Flqh9sChHmBoY-PPthMVK4yFhACIhJwaGFybWFjeSBpbiBxdWVlbnPgAQD6AQQIEBA4!16s%2Fg%2F11rts_94xh?hl=en&entry=ttu&g_ep=EgoyMDI1MDkyMS4wIKXMDSoASAFQAw%3D%3D",2025-09-24 12:04:48
Accuscript Pharmacy 均康西藥房,5.0,"245-34 Horace Harding Expy, Douglaston, NY 11362, United States",+1 718-229-1450,http://www.accuscript.nyc/,"https://www.google.com/maps/place/Accuscript+Pharmacy+%E5%9D%87%E5%BA%B7%E8%A5%BF%E8%97%A5%E6%88%BF/@40.7312932,-73.8819741,13z/data=!4m11!1m3!2m2!1spharmacy+in+queens!6e2!3m6!1s0x89c289198af8f1e1:0x2af236f296b16667!8m2!3d40.7599209!4d-73.7324945!15sChJwaGFybWFjeSBpbiBxdWVlbnNaFCIScGhhcm1hY3kgaW4gcXVlZW5zkgEIcGhhcm1hY3maASRDaGREU1VoTk1HOW5TMFZKUTBGblNVTkNlVGd6WjNKblJSQUKqAVQKCS9tLzAxcmZwcxABKgwiCHBoYXJtYWN5KAAyHxABIhtXqgvvP1iBCJLD5Flqh9sChHmBoY-PPthMVK4yFhACIhJwaGFybWFjeSBpbiBxdWVlbnPgAQD6AQQIEBA4!16s%2Fg%2F11rts_94xh?hl=en&entry=ttu&g_ep=EgoyMDI1MDkyMS4wIKXMDSoASAFQAw%3D%3D",2025-09-24 12:04:51
Accuscript Pharmacy 均康西藥房,5.0,"245-34 Horace Harding Expy, Douglaston, NY 11362, United States",+1 718-229-1450,http://www.accuscript.nyc/,"https://www.google.com/maps/place/Accuscript+Pharmacy+%E5%9D%87%E5%BA%B7%E8%A5%BF%E8%97%A5%E6%88%BF/@40.7312932,-73.8819741,13z/data=!4m11!1m3!2m2!1spharmacy+in+queens!6e2!3m6!1s0x89c289198af8f1e1:0x2af236f296b16667!8m2!3d40.7599209!4d-73.7324945!15sChJwaGFybWFjeSBpbiBxdWVlbnNaFCIScGhhcm1hY3kgaW4gcXVlZW5zkgEIcGhhcm1hY3maASRDaGREU1VoTk1HOW5TMFZKUTBGblNVTkNlVGd6WjNKblJSQUKqAVQKCS9tLzAxcmZwcxABKgwiCHBoYXJtYWN5KAAyHxABIhtXqgvvP1iBCJLD5Flqh9sChHmBoY-PPthMVK4yFhACIhJwaGFybWFjeSBpbiBxdWVlbnPgAQD6AQQIEBA4!16s%2Fg%2F11rts_94xh?hl=en&entry=ttu&g_ep=EgoyMDI1MDkyMS4wIKXMDSoASAFQAw%3D%3D",2025-09-24 12:04:51
